source,title,text,date,link,url,html_output
CNET,iPhone 12 review: One of our highest-rated phones of all time,5G support a new striking design improved cameras and four different models all add up to make the iPhone 12 an absolute unit.,2020-10-23T14:14:26.370Z,https://www.cnet.com/news/iphone-12-review-apple-iphone-12-pro-5g-support-improved-cameras-redesign/,https://www.google.com/search?q=iphone+12&source=lnms&tbm=nws&sa=X&ved=2ahUKEwi2t9TK_LXsAhXNGewKHUAdCJMQ_AUoAnoECAQQBA&biw=1440&bih=766,https://scrapezone-raw-htmls.s3.amazonaws.com/052ff186-cd71-4d8a-a416-31fbb574178c-5f9363c1f53aaba35fbed462.html?X-Amz-Algorithm=AWS4-HMAC-SHA256&X-Amz-Credential=AKIASK4CGCNC3YT6CW63%2F20201023%2Fus-east-1%2Fs3%2Faws4_request&X-Amz-Date=20201023T231426Z&X-Amz-Expires=604800&X-Amz-Signature=eab73100f810053836f80025d7609f1662d3114a85d3d56c41c5101975714785&X-Amz-SignedHeaders=host
CNBC,That missing iPhone 12 charging plug is poised to provide a boost to one of Apple&apos;s hottest growth areas,The iPhone 12 ships without a charging plug or wired earphones in the box. That will drive customers to spend extra on plugs and AirPods ...,2020-10-23T15:14:26.372Z,https://www.cnbc.com/2020/10/23/apple-iphone-12-missing-charger-to-provide-growth-to-accessories-business.html,https://www.google.com/search?q=iphone+12&source=lnms&tbm=nws&sa=X&ved=2ahUKEwi2t9TK_LXsAhXNGewKHUAdCJMQ_AUoAnoECAQQBA&biw=1440&bih=766,https://scrapezone-raw-htmls.s3.amazonaws.com/052ff186-cd71-4d8a-a416-31fbb574178c-5f9363c1f53aaba35fbed462.html?X-Amz-Algorithm=AWS4-HMAC-SHA256&X-Amz-Credential=AKIASK4CGCNC3YT6CW63%2F20201023%2Fus-east-1%2Fs3%2Faws4_request&X-Amz-Date=20201023T231426Z&X-Amz-Expires=604800&X-Amz-Signature=eab73100f810053836f80025d7609f1662d3114a85d3d56c41c5101975714785&X-Amz-SignedHeaders=host
Mac Rumors,PSA: Non-iPhone 12 Models Charge Super Slowly With MagSafe Charger,Alongside the iPhone 12 models Apple introduced a new $39 MagSafe Charger that&apos;s meant to work with the magnets in the iPhone 12 Pro ...,2020-10-23T23:14:26.372Z,http://www.macrumors.com/2020/10/23/magsafe-charger-slow-charging-older-iphones/,https://www.google.com/search?q=iphone+12&source=lnms&tbm=nws&sa=X&ved=2ahUKEwi2t9TK_LXsAhXNGewKHUAdCJMQ_AUoAnoECAQQBA&biw=1440&bih=766,https://scrapezone-raw-htmls.s3.amazonaws.com/052ff186-cd71-4d8a-a416-31fbb574178c-5f9363c1f53aaba35fbed462.html?X-Amz-Algorithm=AWS4-HMAC-SHA256&X-Amz-Credential=AKIASK4CGCNC3YT6CW63%2F20201023%2Fus-east-1%2Fs3%2Faws4_request&X-Amz-Date=20201023T231426Z&X-Amz-Expires=604800&X-Amz-Signature=eab73100f810053836f80025d7609f1662d3114a85d3d56c41c5101975714785&X-Amz-SignedHeaders=host
AppleInsider,Early tests show Ceramic Shield significantly improves iPhone 12 durability,The new Ceramic Shield cover glass on the iPhone 12 and iPhone 12 Pro appears to significantly improve durability and scratch resistance ...,2020-10-23T23:14:26.373Z,https://appleinsider.com/articles/20/10/23/early-tests-show-ceramic-shield-significantly-improves-iphone-12-durability,https://www.google.com/search?q=iphone+12&source=lnms&tbm=nws&sa=X&ved=2ahUKEwi2t9TK_LXsAhXNGewKHUAdCJMQ_AUoAnoECAQQBA&biw=1440&bih=766,https://scrapezone-raw-htmls.s3.amazonaws.com/052ff186-cd71-4d8a-a416-31fbb574178c-5f9363c1f53aaba35fbed462.html?X-Amz-Algorithm=AWS4-HMAC-SHA256&X-Amz-Credential=AKIASK4CGCNC3YT6CW63%2F20201023%2Fus-east-1%2Fs3%2Faws4_request&X-Amz-Date=20201023T231426Z&X-Amz-Expires=604800&X-Amz-Signature=eab73100f810053836f80025d7609f1662d3114a85d3d56c41c5101975714785&X-Amz-SignedHeaders=host
Forbes,Apple Loop: New iPhone 12 Problem Reviewed Concerns Over MagSafe Strength New MacBook Pro Details,This week&apos;s Apple headlines; iPhone 12 and iPhone 12 Pro reviews Apple&apos;s 5G problem the strength of MagSafe a closer look at the iPad Air ...,2020-10-23T23:14:26.373Z,https://www.forbes.com/sites/ewanspence/2020/10/23/apple-news-headlines-iphone-12-iphone-12-pro-review-magsafe-ipad-air-macbook-pro-nyt-widget/,https://www.google.com/search?q=iphone+12&source=lnms&tbm=nws&sa=X&ved=2ahUKEwi2t9TK_LXsAhXNGewKHUAdCJMQ_AUoAnoECAQQBA&biw=1440&bih=766,https://scrapezone-raw-htmls.s3.amazonaws.com/052ff186-cd71-4d8a-a416-31fbb574178c-5f9363c1f53aaba35fbed462.html?X-Amz-Algorithm=AWS4-HMAC-SHA256&X-Amz-Credential=AKIASK4CGCNC3YT6CW63%2F20201023%2Fus-east-1%2Fs3%2Faws4_request&X-Amz-Date=20201023T231426Z&X-Amz-Expires=604800&X-Amz-Signature=eab73100f810053836f80025d7609f1662d3114a85d3d56c41c5101975714785&X-Amz-SignedHeaders=host
Forbes,Apple&#x2019;s Massive iPhone 13 Upgrade Suddenly Confirmed,Apple&apos;s new iPhone 12 range launched with clear compromises in every model but now Apple documentation has now confirmed the first ...,2020-10-23T00:14:26.374Z,https://www.forbes.com/sites/gordonkelly/2020/10/22/apple-iphone-13-pro-max-5g-release-iphone-12-pro-max-upgrade/,https://www.google.com/search?q=iphone+12&source=lnms&tbm=nws&sa=X&ved=2ahUKEwi2t9TK_LXsAhXNGewKHUAdCJMQ_AUoAnoECAQQBA&biw=1440&bih=766,https://scrapezone-raw-htmls.s3.amazonaws.com/052ff186-cd71-4d8a-a416-31fbb574178c-5f9363c1f53aaba35fbed462.html?X-Amz-Algorithm=AWS4-HMAC-SHA256&X-Amz-Credential=AKIASK4CGCNC3YT6CW63%2F20201023%2Fus-east-1%2Fs3%2Faws4_request&X-Amz-Date=20201023T231426Z&X-Amz-Expires=604800&X-Amz-Signature=eab73100f810053836f80025d7609f1662d3114a85d3d56c41c5101975714785&X-Amz-SignedHeaders=host
Tom&apos;s Guide,iPhone 12 battery life results are in &#x2014; and they&#x2019;re not great,The iPhone 12 and iPhone 12 Pro battery life take a big hit on on our web surfing test over 5G.,2020-10-22T23:14:26.374Z,https://www.tomsguide.com/news/iphone-12-battery-life-results-are-in-and-theyre-not-great,https://www.google.com/search?q=iphone+12&source=lnms&tbm=nws&sa=X&ved=2ahUKEwi2t9TK_LXsAhXNGewKHUAdCJMQ_AUoAnoECAQQBA&biw=1440&bih=766,https://scrapezone-raw-htmls.s3.amazonaws.com/052ff186-cd71-4d8a-a416-31fbb574178c-5f9363c1f53aaba35fbed462.html?X-Amz-Algorithm=AWS4-HMAC-SHA256&X-Amz-Credential=AKIASK4CGCNC3YT6CW63%2F20201023%2Fus-east-1%2Fs3%2Faws4_request&X-Amz-Date=20201023T231426Z&X-Amz-Expires=604800&X-Amz-Signature=eab73100f810053836f80025d7609f1662d3114a85d3d56c41c5101975714785&X-Amz-SignedHeaders=host
Mac Rumors,Early iPhone 12 Tests Show Ceramic Shield is Stronger and More Scratch Resistant Than iPhone 11 Glass,Apple&apos;s new iPhone 12 models are protected by a Ceramic Shield cover glass that has nano-ceramic crystals infused right into the glass to ...,2020-10-23T21:14:26.375Z,https://www.macrumors.com/2020/10/23/iphone-12-ceramic-shield-test/,https://www.google.com/search?q=iphone+12&source=lnms&tbm=nws&sa=X&ved=2ahUKEwi2t9TK_LXsAhXNGewKHUAdCJMQ_AUoAnoECAQQBA&biw=1440&bih=766,https://scrapezone-raw-htmls.s3.amazonaws.com/052ff186-cd71-4d8a-a416-31fbb574178c-5f9363c1f53aaba35fbed462.html?X-Amz-Algorithm=AWS4-HMAC-SHA256&X-Amz-Credential=AKIASK4CGCNC3YT6CW63%2F20201023%2Fus-east-1%2Fs3%2Faws4_request&X-Amz-Date=20201023T231426Z&X-Amz-Expires=604800&X-Amz-Signature=eab73100f810053836f80025d7609f1662d3114a85d3d56c41c5101975714785&X-Amz-SignedHeaders=host
9to5Mac,Apple&#x2019;s neat solution to selling the iPhone 12 with EarPods in France,Apple has found a neat solution to the problem caused by being legally required to sell the iPhone 12 with EarPods in France ...,2020-10-21T23:14:26.375Z,https://9to5mac.com/2020/10/21/iphone-12-with-earpods/,https://www.google.com/search?q=iphone+12&source=lnms&tbm=nws&sa=X&ved=2ahUKEwi2t9TK_LXsAhXNGewKHUAdCJMQ_AUoAnoECAQQBA&biw=1440&bih=766,https://scrapezone-raw-htmls.s3.amazonaws.com/052ff186-cd71-4d8a-a416-31fbb574178c-5f9363c1f53aaba35fbed462.html?X-Amz-Algorithm=AWS4-HMAC-SHA256&X-Amz-Credential=AKIASK4CGCNC3YT6CW63%2F20201023%2Fus-east-1%2Fs3%2Faws4_request&X-Amz-Date=20201023T231426Z&X-Amz-Expires=604800&X-Amz-Signature=eab73100f810053836f80025d7609f1662d3114a85d3d56c41c5101975714785&X-Amz-SignedHeaders=host
CNN,Buying an iPhone at the Apple Store will be different this year. Here&apos;s how,The new iPhone hits shelves on Friday and that usually means fans lining up outside Apple Stores around the world.,2020-10-23T10:14:26.376Z,https://www.cnn.com/2020/10/23/tech/iphone-12-launch-day-apple-store/index.html,https://www.google.com/search?q=iphone+12&source=lnms&tbm=nws&sa=X&ved=2ahUKEwi2t9TK_LXsAhXNGewKHUAdCJMQ_AUoAnoECAQQBA&biw=1440&bih=766,https://scrapezone-raw-htmls.s3.amazonaws.com/052ff186-cd71-4d8a-a416-31fbb574178c-5f9363c1f53aaba35fbed462.html?X-Amz-Algorithm=AWS4-HMAC-SHA256&X-Amz-Credential=AKIASK4CGCNC3YT6CW63%2F20201023%2Fus-east-1%2Fs3%2Faws4_request&X-Amz-Date=20201023T231426Z&X-Amz-Expires=604800&X-Amz-Signature=eab73100f810053836f80025d7609f1662d3114a85d3d56c41c5101975714785&X-Amz-SignedHeaders=host
Space.com,SpaceX stacks Starship SN8 prototype ahead of epic test flight,SpaceX&apos;s latest Starship prototype has been stacked in preparation for an ambitious test flight that will take the vehicle far higher than any of its ...,2020-10-23T19:14:27.527Z,https://www.space.com/starship-sn8-prototype-stacked-test-flight,https://www.google.com/search?biw=1440&bih=766&tbm=nws&ei=quyHX9b1A4XisAfm36v4Bg&q=spacex&oq=spacex&gs_l=psy-ab.3...11207.12485.0.13613.6.6.0.0.0.0.167.709.0j5.5.0....0...1c.1.64.psy-ab..1.0.0....0.ZyQ7EkX7oDo,https://scrapezone-raw-htmls.s3.amazonaws.com/0cfeb265-4d88-4792-8d19-cd7b040d1917-5f9363c1f53aaba35fbed462.html?X-Amz-Algorithm=AWS4-HMAC-SHA256&X-Amz-Credential=AKIASK4CGCNC3YT6CW63%2F20201023%2Fus-east-1%2Fs3%2Faws4_request&X-Amz-Date=20201023T231427Z&X-Amz-Expires=604800&X-Amz-Signature=2a3893923787349c18d74ac38457459dd88bb0452219e5e89d5fa77355aa203f&X-Amz-SignedHeaders=host
Ars Technica,Rocket Report: Bank doubles value of SpaceX Russia won&#x2019;t talk Amur anymore,Welcome to Edition 3.21 of the Rocket Report. As of Friday morning there are just 70 days left until January 1. This means that if your rocket ...,2020-10-23T11:14:27.527Z,https://arstechnica.com/science/2020/10/rocket-report-bank-doubles-value-of-spacex-russia-wont-talk-amur-anymore/,https://www.google.com/search?biw=1440&bih=766&tbm=nws&ei=quyHX9b1A4XisAfm36v4Bg&q=spacex&oq=spacex&gs_l=psy-ab.3...11207.12485.0.13613.6.6.0.0.0.0.167.709.0j5.5.0....0...1c.1.64.psy-ab..1.0.0....0.ZyQ7EkX7oDo,https://scrapezone-raw-htmls.s3.amazonaws.com/0cfeb265-4d88-4792-8d19-cd7b040d1917-5f9363c1f53aaba35fbed462.html?X-Amz-Algorithm=AWS4-HMAC-SHA256&X-Amz-Credential=AKIASK4CGCNC3YT6CW63%2F20201023%2Fus-east-1%2Fs3%2Faws4_request&X-Amz-Date=20201023T231427Z&X-Amz-Expires=604800&X-Amz-Signature=2a3893923787349c18d74ac38457459dd88bb0452219e5e89d5fa77355aa203f&X-Amz-SignedHeaders=host
Inverse,Lunar SpaceX Starship: Stunning photo shows NASA-branded ship taking shape,SpaceX&apos;s Starship is under construction at the company&apos;s Boca Chica facility and a new photo suggests SpaceX is already planning trips to the ...,2020-10-23T13:14:27.528Z,https://www.inverse.com/innovation/lunar-spacex-starship-stunning-photo-shows-nasa-branded-ship-taking-shape,https://www.google.com/search?biw=1440&bih=766&tbm=nws&ei=quyHX9b1A4XisAfm36v4Bg&q=spacex&oq=spacex&gs_l=psy-ab.3...11207.12485.0.13613.6.6.0.0.0.0.167.709.0j5.5.0....0...1c.1.64.psy-ab..1.0.0....0.ZyQ7EkX7oDo,https://scrapezone-raw-htmls.s3.amazonaws.com/0cfeb265-4d88-4792-8d19-cd7b040d1917-5f9363c1f53aaba35fbed462.html?X-Amz-Algorithm=AWS4-HMAC-SHA256&X-Amz-Credential=AKIASK4CGCNC3YT6CW63%2F20201023%2Fus-east-1%2Fs3%2Faws4_request&X-Amz-Date=20201023T231427Z&X-Amz-Expires=604800&X-Amz-Signature=2a3893923787349c18d74ac38457459dd88bb0452219e5e89d5fa77355aa203f&X-Amz-SignedHeaders=host
Forbes,Elon Musk&apos;s SpaceX Gets Bullish $100 Billion Valuation From Morgan Stanley Double What Investors Said It Was Worth In August,The investment bank says that SpaceX&apos;s Starlink internet-from-satellites service has driven a near $50 billion increase in the rocket company&apos;s ...,2020-10-23T16:14:27.528Z,https://www.forbes.com/sites/daviddawkins/2020/10/23/elon-musks-spacex-gets-bullish-100-billion-valuation-from-morgan-stanley-double-what-investors-said-it-was-worth-in-august/,https://www.google.com/search?biw=1440&bih=766&tbm=nws&ei=quyHX9b1A4XisAfm36v4Bg&q=spacex&oq=spacex&gs_l=psy-ab.3...11207.12485.0.13613.6.6.0.0.0.0.167.709.0j5.5.0....0...1c.1.64.psy-ab..1.0.0....0.ZyQ7EkX7oDo,https://scrapezone-raw-htmls.s3.amazonaws.com/0cfeb265-4d88-4792-8d19-cd7b040d1917-5f9363c1f53aaba35fbed462.html?X-Amz-Algorithm=AWS4-HMAC-SHA256&X-Amz-Credential=AKIASK4CGCNC3YT6CW63%2F20201023%2Fus-east-1%2Fs3%2Faws4_request&X-Amz-Date=20201023T231427Z&X-Amz-Expires=604800&X-Amz-Signature=2a3893923787349c18d74ac38457459dd88bb0452219e5e89d5fa77355aa203f&X-Amz-SignedHeaders=host
Business Insider,Elon Musk&apos;s Starlink is on a stunning but controversial winning streak - Business Insider,SpaceX is ahead of competitors with its internet-beaming satellites. But they could create crowded paths to orbit telescope glare and other ...,2020-10-22T23:14:27.528Z,https://www.businessinsider.com/spacex-starlink-satellite-internet-beta-testing-public-service-licensing-military-2020-10,https://www.google.com/search?biw=1440&bih=766&tbm=nws&ei=quyHX9b1A4XisAfm36v4Bg&q=spacex&oq=spacex&gs_l=psy-ab.3...11207.12485.0.13613.6.6.0.0.0.0.167.709.0j5.5.0....0...1c.1.64.psy-ab..1.0.0....0.ZyQ7EkX7oDo,https://scrapezone-raw-htmls.s3.amazonaws.com/0cfeb265-4d88-4792-8d19-cd7b040d1917-5f9363c1f53aaba35fbed462.html?X-Amz-Algorithm=AWS4-HMAC-SHA256&X-Amz-Credential=AKIASK4CGCNC3YT6CW63%2F20201023%2Fus-east-1%2Fs3%2Faws4_request&X-Amz-Date=20201023T231427Z&X-Amz-Expires=604800&X-Amz-Signature=2a3893923787349c18d74ac38457459dd88bb0452219e5e89d5fa77355aa203f&X-Amz-SignedHeaders=host
Spaceflight Now,Live coverage: SpaceX scrubs launch attempt at Cape Canaveral,If you would like to see more articles like this please support our coverage of the space program by becoming a Spaceflight Now Member.,2020-10-21T23:14:27.529Z,https://spaceflightnow.com/2020/10/21/falcon-9-starlink-14-mission-status-center/,https://www.google.com/search?biw=1440&bih=766&tbm=nws&ei=quyHX9b1A4XisAfm36v4Bg&q=spacex&oq=spacex&gs_l=psy-ab.3...11207.12485.0.13613.6.6.0.0.0.0.167.709.0j5.5.0....0...1c.1.64.psy-ab..1.0.0....0.ZyQ7EkX7oDo,https://scrapezone-raw-htmls.s3.amazonaws.com/0cfeb265-4d88-4792-8d19-cd7b040d1917-5f9363c1f53aaba35fbed462.html?X-Amz-Algorithm=AWS4-HMAC-SHA256&X-Amz-Credential=AKIASK4CGCNC3YT6CW63%2F20201023%2Fus-east-1%2Fs3%2Faws4_request&X-Amz-Date=20201023T231427Z&X-Amz-Expires=604800&X-Amz-Signature=2a3893923787349c18d74ac38457459dd88bb0452219e5e89d5fa77355aa203f&X-Amz-SignedHeaders=host
SpaceNews,Space Force official: Launch scrubs are no reason to despair,The recent streak of launch scrubs proves that systems are working like they should said Col. Douglas Pentecost.,2020-10-22T23:14:27.529Z,https://spacenews.com/space-force-official-launch-scrubs-are-no-reason-to-despair/,https://www.google.com/search?biw=1440&bih=766&tbm=nws&ei=quyHX9b1A4XisAfm36v4Bg&q=spacex&oq=spacex&gs_l=psy-ab.3...11207.12485.0.13613.6.6.0.0.0.0.167.709.0j5.5.0....0...1c.1.64.psy-ab..1.0.0....0.ZyQ7EkX7oDo,https://scrapezone-raw-htmls.s3.amazonaws.com/0cfeb265-4d88-4792-8d19-cd7b040d1917-5f9363c1f53aaba35fbed462.html?X-Amz-Algorithm=AWS4-HMAC-SHA256&X-Amz-Credential=AKIASK4CGCNC3YT6CW63%2F20201023%2Fus-east-1%2Fs3%2Faws4_request&X-Amz-Date=20201023T231427Z&X-Amz-Expires=604800&X-Amz-Signature=2a3893923787349c18d74ac38457459dd88bb0452219e5e89d5fa77355aa203f&X-Amz-SignedHeaders=host
NASA,NASA Invites Media to Next SpaceX Space Station Cargo Launch,Media accreditation is open for the launch of the next SpaceX delivery of NASA science investigations supplies and equipment to the ...,2020-10-23T17:14:27.529Z,https://www.nasa.gov/press-release/nasa-invites-media-to-next-spacex-space-station-cargo-launch-1,https://www.google.com/search?biw=1440&bih=766&tbm=nws&ei=quyHX9b1A4XisAfm36v4Bg&q=spacex&oq=spacex&gs_l=psy-ab.3...11207.12485.0.13613.6.6.0.0.0.0.167.709.0j5.5.0....0...1c.1.64.psy-ab..1.0.0....0.ZyQ7EkX7oDo,https://scrapezone-raw-htmls.s3.amazonaws.com/0cfeb265-4d88-4792-8d19-cd7b040d1917-5f9363c1f53aaba35fbed462.html?X-Amz-Algorithm=AWS4-HMAC-SHA256&X-Amz-Credential=AKIASK4CGCNC3YT6CW63%2F20201023%2Fus-east-1%2Fs3%2Faws4_request&X-Amz-Date=20201023T231427Z&X-Amz-Expires=604800&X-Amz-Signature=2a3893923787349c18d74ac38457459dd88bb0452219e5e89d5fa77355aa203f&X-Amz-SignedHeaders=host
Investor&apos;s Business Daily,Defense Stocks New Leader Could Soon Be SpaceX As Starlink Military Business Grows,SpaceX&apos;s valuation could exceed the market caps of the top aerospace and defense stocks according to Wall Street even overtaking ...,2020-10-22T23:14:27.529Z,https://www.investors.com/news/defense-stocks-spacex-most-valuable-lockheed-boeing/,https://www.google.com/search?biw=1440&bih=766&tbm=nws&ei=quyHX9b1A4XisAfm36v4Bg&q=spacex&oq=spacex&gs_l=psy-ab.3...11207.12485.0.13613.6.6.0.0.0.0.167.709.0j5.5.0....0...1c.1.64.psy-ab..1.0.0....0.ZyQ7EkX7oDo,https://scrapezone-raw-htmls.s3.amazonaws.com/0cfeb265-4d88-4792-8d19-cd7b040d1917-5f9363c1f53aaba35fbed462.html?X-Amz-Algorithm=AWS4-HMAC-SHA256&X-Amz-Credential=AKIASK4CGCNC3YT6CW63%2F20201023%2Fus-east-1%2Fs3%2Faws4_request&X-Amz-Date=20201023T231427Z&X-Amz-Expires=604800&X-Amz-Signature=2a3893923787349c18d74ac38457459dd88bb0452219e5e89d5fa77355aa203f&X-Amz-SignedHeaders=host
CNBC,Morgan Stanley expects SpaceX will be a $100 billion company thanks to Starlink and Starship,Morgan Stanley doubled its long-term valuation estimate for Elon Musk&apos;s SpaceX on Thursday to more than $100 billion.,2020-10-22T23:14:27.530Z,https://www.cnbc.com/2020/10/22/morgan-stanley-spacex-to-be-100-billion-company-due-to-starlink-starship.html,https://www.google.com/search?biw=1440&bih=766&tbm=nws&ei=quyHX9b1A4XisAfm36v4Bg&q=spacex&oq=spacex&gs_l=psy-ab.3...11207.12485.0.13613.6.6.0.0.0.0.167.709.0j5.5.0....0...1c.1.64.psy-ab..1.0.0....0.ZyQ7EkX7oDo,https://scrapezone-raw-htmls.s3.amazonaws.com/0cfeb265-4d88-4792-8d19-cd7b040d1917-5f9363c1f53aaba35fbed462.html?X-Amz-Algorithm=AWS4-HMAC-SHA256&X-Amz-Credential=AKIASK4CGCNC3YT6CW63%2F20201023%2Fus-east-1%2Fs3%2Faws4_request&X-Amz-Date=20201023T231427Z&X-Amz-Expires=604800&X-Amz-Signature=2a3893923787349c18d74ac38457459dd88bb0452219e5e89d5fa77355aa203f&X-Amz-SignedHeaders=host
OpIndia,Rahul Gandhi claims China has occupied half of India as he says that Chinese forces have intruded 1200 km into Indian territory,If one believes Rahul Gandhi&apos;s statements of China occupying nearly 1 200 km of Indian lands then according to him at least half of Indian ...,2020-10-23T10:14:28.679Z,https://www.opindia.com/2020/10/rahul-gandhi-claims-that-china-have-intruded-1200-km-into-indian-territory/,https://www.google.com/search?q=gandhi&source=lnms&tbm=nws&sa=X&ved=2ahUKEwiG4I3s_LXsAhUR_qQKHXc4DIIQ_AUoA3oECAYQBQ&biw=1440&bih=766,https://scrapezone-raw-htmls.s3.amazonaws.com/da832627-fff6-4e90-a6e4-ebda7d7b4e4a-5f9363c1f53aaba35fbed462.html?X-Amz-Algorithm=AWS4-HMAC-SHA256&X-Amz-Credential=AKIASK4CGCNC3YT6CW63%2F20201023%2Fus-east-1%2Fs3%2Faws4_request&X-Amz-Date=20201023T231428Z&X-Amz-Expires=604800&X-Amz-Signature=2074c617da79b93c7f62b066213f597a06b7f37e6fec78219d798219c3802c70&X-Amz-SignedHeaders=host
Times of India,PM &apos;insulted&apos; soldiers when he said nobody intruded into Ladakh: Rahul Gandhi,HISUA: Congress leader Rahul Gandhi Friday again accused Prime Minister Narendra Modi of having &quot;insulted&quot; the soldiers with his comment ...,2020-10-23T09:14:28.680Z,https://timesofindia.indiatimes.com/india/pm-insulted-soldiers-when-he-said-nobody-intruded-into-ladakh-rahul-gandhi/articleshow/78825807.cms,https://www.google.com/search?q=gandhi&source=lnms&tbm=nws&sa=X&ved=2ahUKEwiG4I3s_LXsAhUR_qQKHXc4DIIQ_AUoA3oECAYQBQ&biw=1440&bih=766,https://scrapezone-raw-htmls.s3.amazonaws.com/da832627-fff6-4e90-a6e4-ebda7d7b4e4a-5f9363c1f53aaba35fbed462.html?X-Amz-Algorithm=AWS4-HMAC-SHA256&X-Amz-Credential=AKIASK4CGCNC3YT6CW63%2F20201023%2Fus-east-1%2Fs3%2Faws4_request&X-Amz-Date=20201023T231428Z&X-Amz-Expires=604800&X-Amz-Signature=2074c617da79b93c7f62b066213f597a06b7f37e6fec78219d798219c3802c70&X-Amz-SignedHeaders=host
Deccan Herald,PM Modi insulted jawans: Rahul Gandhi on his &apos;nobody intruded in Ladakh&apos; remark,Addressing his first rally during the Bihar assembly elections Gandhi insisted the Chinese army had indeed intruded into Indian territory. &quot;They ...,2020-10-23T10:14:28.681Z,https://www.deccanherald.com/election-2020/pm-modi-insulted-jawans-rahul-gandhi-on-his-nobody-intruded-in-ladakh-remark-905985.html,https://www.google.com/search?q=gandhi&source=lnms&tbm=nws&sa=X&ved=2ahUKEwiG4I3s_LXsAhUR_qQKHXc4DIIQ_AUoA3oECAYQBQ&biw=1440&bih=766,https://scrapezone-raw-htmls.s3.amazonaws.com/da832627-fff6-4e90-a6e4-ebda7d7b4e4a-5f9363c1f53aaba35fbed462.html?X-Amz-Algorithm=AWS4-HMAC-SHA256&X-Amz-Credential=AKIASK4CGCNC3YT6CW63%2F20201023%2Fus-east-1%2Fs3%2Faws4_request&X-Amz-Date=20201023T231428Z&X-Amz-Expires=604800&X-Amz-Signature=2074c617da79b93c7f62b066213f597a06b7f37e6fec78219d798219c3802c70&X-Amz-SignedHeaders=host
Balkan Insight,Mahatma Gandhi Statue Unveiled in Bulgaria,A bronze statue of Mahatma Gandhi the Indian anti-colonial activist lawyer and advocate of non-violent resistance was inaugurated in the ...,2020-10-20T23:14:28.682Z,https://balkaninsight.com/2020/10/20/mahatma-gandhi-statue-unveiled-in-bulgaria/,https://www.google.com/search?q=gandhi&source=lnms&tbm=nws&sa=X&ved=2ahUKEwiG4I3s_LXsAhUR_qQKHXc4DIIQ_AUoA3oECAYQBQ&biw=1440&bih=766,https://scrapezone-raw-htmls.s3.amazonaws.com/da832627-fff6-4e90-a6e4-ebda7d7b4e4a-5f9363c1f53aaba35fbed462.html?X-Amz-Algorithm=AWS4-HMAC-SHA256&X-Amz-Credential=AKIASK4CGCNC3YT6CW63%2F20201023%2Fus-east-1%2Fs3%2Faws4_request&X-Amz-Date=20201023T231428Z&X-Amz-Expires=604800&X-Amz-Signature=2074c617da79b93c7f62b066213f597a06b7f37e6fec78219d798219c3802c70&X-Amz-SignedHeaders=host
CNN,In pictures: Mahatma Gandhi,Gandhi was born Mohandas Karamchand Gandhi. He wasn&apos;t known as the title Mahatma which translates to &quot;Great Soul &quot; until 1914. He was a ...,2020-10-02T23:14:28.683Z,https://www.cnn.com/2020/10/01/world/gallery/gandhi-life-in-pictures/index.html,https://www.google.com/search?q=gandhi&source=lnms&tbm=nws&sa=X&ved=2ahUKEwiG4I3s_LXsAhUR_qQKHXc4DIIQ_AUoA3oECAYQBQ&biw=1440&bih=766,https://scrapezone-raw-htmls.s3.amazonaws.com/da832627-fff6-4e90-a6e4-ebda7d7b4e4a-5f9363c1f53aaba35fbed462.html?X-Amz-Algorithm=AWS4-HMAC-SHA256&X-Amz-Credential=AKIASK4CGCNC3YT6CW63%2F20201023%2Fus-east-1%2Fs3%2Faws4_request&X-Amz-Date=20201023T231428Z&X-Amz-Expires=604800&X-Amz-Signature=2074c617da79b93c7f62b066213f597a06b7f37e6fec78219d798219c3802c70&X-Amz-SignedHeaders=host
Times of India,A book on Gandhi and his relevance amid the pandemic,Mahatma Gandhi&apos;s cultural analysis and emphasis on collective welfare would be helpful to achieve social and economic equilibrium in the ...,2020-10-22T23:14:28.684Z,https://timesofindia.indiatimes.com/city/chandigarh/a-book-on-gandhi-and-his-relevance-amid-the-pandemic/articleshow/78814879.cms,https://www.google.com/search?q=gandhi&source=lnms&tbm=nws&sa=X&ved=2ahUKEwiG4I3s_LXsAhUR_qQKHXc4DIIQ_AUoA3oECAYQBQ&biw=1440&bih=766,https://scrapezone-raw-htmls.s3.amazonaws.com/da832627-fff6-4e90-a6e4-ebda7d7b4e4a-5f9363c1f53aaba35fbed462.html?X-Amz-Algorithm=AWS4-HMAC-SHA256&X-Amz-Credential=AKIASK4CGCNC3YT6CW63%2F20201023%2Fus-east-1%2Fs3%2Faws4_request&X-Amz-Date=20201023T231428Z&X-Amz-Expires=604800&X-Amz-Signature=2074c617da79b93c7f62b066213f597a06b7f37e6fec78219d798219c3802c70&X-Amz-SignedHeaders=host
The Indian Express,Gandhi&#x2019;s was a creative resistance that acknowledges and also transcends past hurts,Gandhi Jayanti special: Regardless of the specific issue or dispute &#x2014; freedom from resentment promises to be a winner and leveller. Written by ...,2020-10-02T23:14:28.685Z,https://indianexpress.com/article/opinion/columns/mahatma-gandhi-non-violence-freedom-struggle-6654259/,https://www.google.com/search?q=gandhi&source=lnms&tbm=nws&sa=X&ved=2ahUKEwiG4I3s_LXsAhUR_qQKHXc4DIIQ_AUoA3oECAYQBQ&biw=1440&bih=766,https://scrapezone-raw-htmls.s3.amazonaws.com/da832627-fff6-4e90-a6e4-ebda7d7b4e4a-5f9363c1f53aaba35fbed462.html?X-Amz-Algorithm=AWS4-HMAC-SHA256&X-Amz-Credential=AKIASK4CGCNC3YT6CW63%2F20201023%2Fus-east-1%2Fs3%2Faws4_request&X-Amz-Date=20201023T231428Z&X-Amz-Expires=604800&X-Amz-Signature=2074c617da79b93c7f62b066213f597a06b7f37e6fec78219d798219c3802c70&X-Amz-SignedHeaders=host
ThePrint,Modi is the only Indian mass leader after Gandhi who has used religious symbolism so well,Modi is the only Indian mass leader after Gandhi who has used religious symbolism so well. Modi&apos;s two Navratri addresses to the nation deserve ...,2020-10-23T07:14:28.685Z,https://theprint.in/opinion/being-indian/modi-is-the-only-indian-mass-leader-after-gandhi-who-has-used-religious-symbolism-so-well/529263/,https://www.google.com/search?q=gandhi&source=lnms&tbm=nws&sa=X&ved=2ahUKEwiG4I3s_LXsAhUR_qQKHXc4DIIQ_AUoA3oECAYQBQ&biw=1440&bih=766,https://scrapezone-raw-htmls.s3.amazonaws.com/da832627-fff6-4e90-a6e4-ebda7d7b4e4a-5f9363c1f53aaba35fbed462.html?X-Amz-Algorithm=AWS4-HMAC-SHA256&X-Amz-Credential=AKIASK4CGCNC3YT6CW63%2F20201023%2Fus-east-1%2Fs3%2Faws4_request&X-Amz-Date=20201023T231428Z&X-Amz-Expires=604800&X-Amz-Signature=2074c617da79b93c7f62b066213f597a06b7f37e6fec78219d798219c3802c70&X-Amz-SignedHeaders=host
Times of India,Rahul Gandhi sympathetic to &apos;anti-national&apos; elements: Adityanath,Referring to Gandhi&apos;s meeting a day before with the wife of Siddique Kappan the Kerala journalist who was arrested by Uttar Pradesh Police ...,2020-10-22T23:14:28.686Z,https://timesofindia.indiatimes.com/india/rahul-gandhi-sympathetic-to-anti-national-elements-adityanath/articleshow/78813893.cms,https://www.google.com/search?q=gandhi&source=lnms&tbm=nws&sa=X&ved=2ahUKEwiG4I3s_LXsAhUR_qQKHXc4DIIQ_AUoA3oECAYQBQ&biw=1440&bih=766,https://scrapezone-raw-htmls.s3.amazonaws.com/da832627-fff6-4e90-a6e4-ebda7d7b4e4a-5f9363c1f53aaba35fbed462.html?X-Amz-Algorithm=AWS4-HMAC-SHA256&X-Amz-Credential=AKIASK4CGCNC3YT6CW63%2F20201023%2Fus-east-1%2Fs3%2Faws4_request&X-Amz-Date=20201023T231428Z&X-Amz-Expires=604800&X-Amz-Signature=2074c617da79b93c7f62b066213f597a06b7f37e6fec78219d798219c3802c70&X-Amz-SignedHeaders=host
NDTV,&quot;Refer To Election Schedule&quot;: Rahul Gandhi On BJP &apos;Free Vaccine&apos; Promise,Rahul Gandhi&apos;s comment came amid a spiralling controversy over Union Finance Minister Nirmala Sitharaman on Friday who made the &quot;free ...,2020-10-22T23:14:28.687Z,https://www.ndtv.com/india-news/rahul-gandhi-on-bjp-free-vaccine-promise-refer-to-election-schedule-2314184,https://www.google.com/search?q=gandhi&source=lnms&tbm=nws&sa=X&ved=2ahUKEwiG4I3s_LXsAhUR_qQKHXc4DIIQ_AUoA3oECAYQBQ&biw=1440&bih=766,https://scrapezone-raw-htmls.s3.amazonaws.com/da832627-fff6-4e90-a6e4-ebda7d7b4e4a-5f9363c1f53aaba35fbed462.html?X-Amz-Algorithm=AWS4-HMAC-SHA256&X-Amz-Credential=AKIASK4CGCNC3YT6CW63%2F20201023%2Fus-east-1%2Fs3%2Faws4_request&X-Amz-Date=20201023T231428Z&X-Amz-Expires=604800&X-Amz-Signature=2074c617da79b93c7f62b066213f597a06b7f37e6fec78219d798219c3802c70&X-Amz-SignedHeaders=host