title,link,displayed_link,snippet,cached_page_link,related_pages_link,position,url,html_output
iPhone 12 and iPhone 12 mini - Apple,https://www.apple.com/iphone-12/,www.apple.com › iphone-12,Meet the new iPhone 12 and iPhone 12 mini. 5G speed. A14 Bionic. Super Retina XDR display. Ceramic Shield. And Night mode on every camera.,,,1,https://www.google.com/search?source=hp&ei=huyHX_b4IaCAjLsP_YKduAE&q=iphone+12&oq=phone+12&gs_lcp=CgZwc3ktYWIQAxgAMgcIABDEAhAKMgcIABDEAhAKMgcIABDEAhAKMgQIABAKMgQIABAKMgQIABAKMgQIABAKMgQIABAKMgQIABAKMgQIABAKOgIIADoCCC5QvyBYsC1g8ztoA3AAeACAAZQBiAHVCZIBAzAuOZgBAKABAaoBB2d3cy13aXqwAQA&sclient=psy-ab,https://scrapezone-raw-htmls.s3.amazonaws.com/3cfbfbff-7ecc-4aad-bade-9082e88f3f1b-5f93647ef53aaba35fbed469.html?X-Amz-Algorithm=AWS4-HMAC-SHA256&X-Amz-Credential=AKIASK4CGCNC3YT6CW63%2F20201023%2Fus-east-1%2Fs3%2Faws4_request&X-Amz-Date=20201023T231736Z&X-Amz-Expires=604800&X-Amz-Signature=838859610ec0c0992c2d2d07aa07588c92f984ece29e64967f54ce36f154c781&X-Amz-SignedHeaders=host
iPhone 12 Pro - Apple,https://www.apple.com/iphone-12-pro/,www.apple.com › iphone-12-pro,It's a leap year. · iPhone 12 Pro Design · Superfast wireless · A14 Bionic · LiDAR Scanner · Pro camera system · Dolby Vision recording · TrueDepth camera.,,,2,https://www.google.com/search?source=hp&ei=huyHX_b4IaCAjLsP_YKduAE&q=iphone+12&oq=phone+12&gs_lcp=CgZwc3ktYWIQAxgAMgcIABDEAhAKMgcIABDEAhAKMgcIABDEAhAKMgQIABAKMgQIABAKMgQIABAKMgQIABAKMgQIABAKMgQIABAKMgQIABAKOgIIADoCCC5QvyBYsC1g8ztoA3AAeACAAZQBiAHVCZIBAzAuOZgBAKABAaoBB2d3cy13aXqwAQA&sclient=psy-ab,https://scrapezone-raw-htmls.s3.amazonaws.com/3cfbfbff-7ecc-4aad-bade-9082e88f3f1b-5f93647ef53aaba35fbed469.html?X-Amz-Algorithm=AWS4-HMAC-SHA256&X-Amz-Credential=AKIASK4CGCNC3YT6CW63%2F20201023%2Fus-east-1%2Fs3%2Faws4_request&X-Amz-Date=20201023T231736Z&X-Amz-Expires=604800&X-Amz-Signature=838859610ec0c0992c2d2d07aa07588c92f984ece29e64967f54ce36f154c781&X-Amz-SignedHeaders=host
,,,,,,3,https://www.google.com/search?source=hp&ei=huyHX_b4IaCAjLsP_YKduAE&q=iphone+12&oq=phone+12&gs_lcp=CgZwc3ktYWIQAxgAMgcIABDEAhAKMgcIABDEAhAKMgcIABDEAhAKMgQIABAKMgQIABAKMgQIABAKMgQIABAKMgQIABAKMgQIABAKMgQIABAKOgIIADoCCC5QvyBYsC1g8ztoA3AAeACAAZQBiAHVCZIBAzAuOZgBAKABAaoBB2d3cy13aXqwAQA&sclient=psy-ab,https://scrapezone-raw-htmls.s3.amazonaws.com/3cfbfbff-7ecc-4aad-bade-9082e88f3f1b-5f93647ef53aaba35fbed469.html?X-Amz-Algorithm=AWS4-HMAC-SHA256&X-Amz-Credential=AKIASK4CGCNC3YT6CW63%2F20201023%2Fus-east-1%2Fs3%2Faws4_request&X-Amz-Date=20201023T231736Z&X-Amz-Expires=604800&X-Amz-Signature=838859610ec0c0992c2d2d07aa07588c92f984ece29e64967f54ce36f154c781&X-Amz-SignedHeaders=host
iPhone 12 and iPhone 12 mini - Technical Specifications - Apple,https://www.apple.com/iphone-12/specs/,www.apple.com › iPhone › iPhone 12,64GB; 128GB; 256GB. iPhone 12. 64GB; 128GB; 256GB. Size and Weight. Width: 2.53 inches (64.2 mm). Height: 5.18 inches (131.5 mm). Depth: 0.29 inch,,,4,https://www.google.com/search?source=hp&ei=huyHX_b4IaCAjLsP_YKduAE&q=iphone+12&oq=phone+12&gs_lcp=CgZwc3ktYWIQAxgAMgcIABDEAhAKMgcIABDEAhAKMgcIABDEAhAKMgQIABAKMgQIABAKMgQIABAKMgQIABAKMgQIABAKMgQIABAKMgQIABAKOgIIADoCCC5QvyBYsC1g8ztoA3AAeACAAZQBiAHVCZIBAzAuOZgBAKABAaoBB2d3cy13aXqwAQA&sclient=psy-ab,https://scrapezone-raw-htmls.s3.amazonaws.com/3cfbfbff-7ecc-4aad-bade-9082e88f3f1b-5f93647ef53aaba35fbed469.html?X-Amz-Algorithm=AWS4-HMAC-SHA256&X-Amz-Credential=AKIASK4CGCNC3YT6CW63%2F20201023%2Fus-east-1%2Fs3%2Faws4_request&X-Amz-Date=20201023T231736Z&X-Amz-Expires=604800&X-Amz-Signature=838859610ec0c0992c2d2d07aa07588c92f984ece29e64967f54ce36f154c781&X-Amz-SignedHeaders=host
iPhone 12: Available Now - Early Reviews Everything We Know,https://www.macrumors.com/roundup/iphone-12/,www.macrumors.com › roundup › iphone-12,6 hours ago — The iPhone 12 and iPhone 12 mini are Apple's mainstream flagship iPhones for 2020. The phones come in 6.1-inch and 5.4-inch sizes with&nbsp;...,,,5,https://www.google.com/search?source=hp&ei=huyHX_b4IaCAjLsP_YKduAE&q=iphone+12&oq=phone+12&gs_lcp=CgZwc3ktYWIQAxgAMgcIABDEAhAKMgcIABDEAhAKMgcIABDEAhAKMgQIABAKMgQIABAKMgQIABAKMgQIABAKMgQIABAKMgQIABAKMgQIABAKOgIIADoCCC5QvyBYsC1g8ztoA3AAeACAAZQBiAHVCZIBAzAuOZgBAKABAaoBB2d3cy13aXqwAQA&sclient=psy-ab,https://scrapezone-raw-htmls.s3.amazonaws.com/3cfbfbff-7ecc-4aad-bade-9082e88f3f1b-5f93647ef53aaba35fbed469.html?X-Amz-Algorithm=AWS4-HMAC-SHA256&X-Amz-Credential=AKIASK4CGCNC3YT6CW63%2F20201023%2Fus-east-1%2Fs3%2Faws4_request&X-Amz-Date=20201023T231736Z&X-Amz-Expires=604800&X-Amz-Signature=838859610ec0c0992c2d2d07aa07588c92f984ece29e64967f54ce36f154c781&X-Amz-SignedHeaders=host
iPhone 12 review: One of our highest-rated phones of all time ...,https://www.cnet.com/news/iphone-12-review-apple-iphone-12-pro-5g-support-improved-cameras-redesign/,www.cnet.com › news › iphone-12-review-apple-iphon...,"9 hours ago — 5G support, a new striking design, improved cameras and four different models all add up to make the iPhone 12 an absolute unit.",,,6,https://www.google.com/search?source=hp&ei=huyHX_b4IaCAjLsP_YKduAE&q=iphone+12&oq=phone+12&gs_lcp=CgZwc3ktYWIQAxgAMgcIABDEAhAKMgcIABDEAhAKMgcIABDEAhAKMgQIABAKMgQIABAKMgQIABAKMgQIABAKMgQIABAKMgQIABAKMgQIABAKOgIIADoCCC5QvyBYsC1g8ztoA3AAeACAAZQBiAHVCZIBAzAuOZgBAKABAaoBB2d3cy13aXqwAQA&sclient=psy-ab,https://scrapezone-raw-htmls.s3.amazonaws.com/3cfbfbff-7ecc-4aad-bade-9082e88f3f1b-5f93647ef53aaba35fbed469.html?X-Amz-Algorithm=AWS4-HMAC-SHA256&X-Amz-Credential=AKIASK4CGCNC3YT6CW63%2F20201023%2Fus-east-1%2Fs3%2Faws4_request&X-Amz-Date=20201023T231736Z&X-Amz-Expires=604800&X-Amz-Signature=838859610ec0c0992c2d2d07aa07588c92f984ece29e64967f54ce36f154c781&X-Amz-SignedHeaders=host
iPhone 12 | Rumors Release Dates Features Specs,https://appleinsider.com/inside/iphone-12,appleinsider.com › inside › iphone-12,The iPhone 12 is the replacement for the baseline iPhone 11. It has a 6.1 OLED display using Apple's Super Retina XDR technology and supports 5G networks.,,,7,https://www.google.com/search?source=hp&ei=huyHX_b4IaCAjLsP_YKduAE&q=iphone+12&oq=phone+12&gs_lcp=CgZwc3ktYWIQAxgAMgcIABDEAhAKMgcIABDEAhAKMgcIABDEAhAKMgQIABAKMgQIABAKMgQIABAKMgQIABAKMgQIABAKMgQIABAKMgQIABAKOgIIADoCCC5QvyBYsC1g8ztoA3AAeACAAZQBiAHVCZIBAzAuOZgBAKABAaoBB2d3cy13aXqwAQA&sclient=psy-ab,https://scrapezone-raw-htmls.s3.amazonaws.com/3cfbfbff-7ecc-4aad-bade-9082e88f3f1b-5f93647ef53aaba35fbed469.html?X-Amz-Algorithm=AWS4-HMAC-SHA256&X-Amz-Credential=AKIASK4CGCNC3YT6CW63%2F20201023%2Fus-east-1%2Fs3%2Faws4_request&X-Amz-Date=20201023T231736Z&X-Amz-Expires=604800&X-Amz-Signature=838859610ec0c0992c2d2d07aa07588c92f984ece29e64967f54ce36f154c781&X-Amz-SignedHeaders=host
New iPhone 12 release date price specs colors and pre-orders,https://www.tomsguide.com/news/iphone-12-release-date-price-specs,www.tomsguide.com › news › iphone-12-release-date-...,"All four iPhone 12 models offer 5G, a faster A14 Bionic processor and a sleek flat-edge design. Apple has updated the cameras, too, with better computational&nbsp;...",,,8,https://www.google.com/search?source=hp&ei=huyHX_b4IaCAjLsP_YKduAE&q=iphone+12&oq=phone+12&gs_lcp=CgZwc3ktYWIQAxgAMgcIABDEAhAKMgcIABDEAhAKMgcIABDEAhAKMgQIABAKMgQIABAKMgQIABAKMgQIABAKMgQIABAKMgQIABAKMgQIABAKOgIIADoCCC5QvyBYsC1g8ztoA3AAeACAAZQBiAHVCZIBAzAuOZgBAKABAaoBB2d3cy13aXqwAQA&sclient=psy-ab,https://scrapezone-raw-htmls.s3.amazonaws.com/3cfbfbff-7ecc-4aad-bade-9082e88f3f1b-5f93647ef53aaba35fbed469.html?X-Amz-Algorithm=AWS4-HMAC-SHA256&X-Amz-Credential=AKIASK4CGCNC3YT6CW63%2F20201023%2Fus-east-1%2Fs3%2Faws4_request&X-Amz-Date=20201023T231736Z&X-Amz-Expires=604800&X-Amz-Signature=838859610ec0c0992c2d2d07aa07588c92f984ece29e64967f54ce36f154c781&X-Amz-SignedHeaders=host
SpaceX,https://www.spacex.com/,www.spacex.com,"SpaceX designs, manufactures and launches advanced rockets and spacecraft. The company was founded in 2002 to revolutionize space technology, with the&nbsp;...",,,1,https://www.google.com/search?q=spacex&source=lnms&sa=X&ved=0ahUKEwjq28Pe_LXsAhXMDOwKHci4CIUQ_AUIDigA&biw=1440&bih=766&dpr=2,https://scrapezone-raw-htmls.s3.amazonaws.com/c30df87b-ad4c-4168-ad9b-6440ae3cb514-5f93647ef53aaba35fbed469.html?X-Amz-Algorithm=AWS4-HMAC-SHA256&X-Amz-Credential=AKIASK4CGCNC3YT6CW63%2F20201023%2Fus-east-1%2Fs3%2Faws4_request&X-Amz-Date=20201023T231738Z&X-Amz-Expires=604800&X-Amz-Signature=6754c6a0872afc3fd0ab60f69f9d07d72bec5c39120c401405ecb697809a26ed&X-Amz-SignedHeaders=host
Launches - SpaceX,https://www.spacex.com/launches/,www.spacex.com › launches,"SpaceX designs, manufactures and launches advanced rockets and spacecraft&nbsp;...",,,2,https://www.google.com/search?q=spacex&source=lnms&sa=X&ved=0ahUKEwjq28Pe_LXsAhXMDOwKHci4CIUQ_AUIDigA&biw=1440&bih=766&dpr=2,https://scrapezone-raw-htmls.s3.amazonaws.com/c30df87b-ad4c-4168-ad9b-6440ae3cb514-5f93647ef53aaba35fbed469.html?X-Amz-Algorithm=AWS4-HMAC-SHA256&X-Amz-Credential=AKIASK4CGCNC3YT6CW63%2F20201023%2Fus-east-1%2Fs3%2Faws4_request&X-Amz-Date=20201023T231738Z&X-Amz-Expires=604800&X-Amz-Signature=6754c6a0872afc3fd0ab60f69f9d07d72bec5c39120c401405ecb697809a26ed&X-Amz-SignedHeaders=host
,,,,,,3,https://www.google.com/search?q=spacex&source=lnms&sa=X&ved=0ahUKEwjq28Pe_LXsAhXMDOwKHci4CIUQ_AUIDigA&biw=1440&bih=766&dpr=2,https://scrapezone-raw-htmls.s3.amazonaws.com/c30df87b-ad4c-4168-ad9b-6440ae3cb514-5f93647ef53aaba35fbed469.html?X-Amz-Algorithm=AWS4-HMAC-SHA256&X-Amz-Credential=AKIASK4CGCNC3YT6CW63%2F20201023%2Fus-east-1%2Fs3%2Faws4_request&X-Amz-Date=20201023T231738Z&X-Amz-Expires=604800&X-Amz-Signature=6754c6a0872afc3fd0ab60f69f9d07d72bec5c39120c401405ecb697809a26ed&X-Amz-SignedHeaders=host
,,,,,,4,https://www.google.com/search?q=spacex&source=lnms&sa=X&ved=0ahUKEwjq28Pe_LXsAhXMDOwKHci4CIUQ_AUIDigA&biw=1440&bih=766&dpr=2,https://scrapezone-raw-htmls.s3.amazonaws.com/c30df87b-ad4c-4168-ad9b-6440ae3cb514-5f93647ef53aaba35fbed469.html?X-Amz-Algorithm=AWS4-HMAC-SHA256&X-Amz-Credential=AKIASK4CGCNC3YT6CW63%2F20201023%2Fus-east-1%2Fs3%2Faws4_request&X-Amz-Date=20201023T231738Z&X-Amz-Expires=604800&X-Amz-Signature=6754c6a0872afc3fd0ab60f69f9d07d72bec5c39120c401405ecb697809a26ed&X-Amz-SignedHeaders=host
SpaceX stacks Starship SN8 prototype ahead of epic test flight ...,https://www.space.com/starship-sn8-prototype-stacked-test-flight,www.space.com › starship-sn8-prototype-stacked-test-fl...,5 hours ago — SpaceX's latest Starship prototype has been stacked in preparation for an ambitious test flight that will take the vehicle far higher than any of its&nbsp;...,,,5,https://www.google.com/search?q=spacex&source=lnms&sa=X&ved=0ahUKEwjq28Pe_LXsAhXMDOwKHci4CIUQ_AUIDigA&biw=1440&bih=766&dpr=2,https://scrapezone-raw-htmls.s3.amazonaws.com/c30df87b-ad4c-4168-ad9b-6440ae3cb514-5f93647ef53aaba35fbed469.html?X-Amz-Algorithm=AWS4-HMAC-SHA256&X-Amz-Credential=AKIASK4CGCNC3YT6CW63%2F20201023%2Fus-east-1%2Fs3%2Faws4_request&X-Amz-Date=20201023T231738Z&X-Amz-Expires=604800&X-Amz-Signature=6754c6a0872afc3fd0ab60f69f9d07d72bec5c39120c401405ecb697809a26ed&X-Amz-SignedHeaders=host
SpaceX - Wikipedia,https://en.wikipedia.org/wiki/SpaceX,en.wikipedia.org › wiki › SpaceX,Space Exploration Technologies Corp. (SpaceX) is an American aerospace manufacturer and space transportation services company headquartered in&nbsp;...,,,6,https://www.google.com/search?q=spacex&source=lnms&sa=X&ved=0ahUKEwjq28Pe_LXsAhXMDOwKHci4CIUQ_AUIDigA&biw=1440&bih=766&dpr=2,https://scrapezone-raw-htmls.s3.amazonaws.com/c30df87b-ad4c-4168-ad9b-6440ae3cb514-5f93647ef53aaba35fbed469.html?X-Amz-Algorithm=AWS4-HMAC-SHA256&X-Amz-Credential=AKIASK4CGCNC3YT6CW63%2F20201023%2Fus-east-1%2Fs3%2Faws4_request&X-Amz-Date=20201023T231738Z&X-Amz-Expires=604800&X-Amz-Signature=6754c6a0872afc3fd0ab60f69f9d07d72bec5c39120c401405ecb697809a26ed&X-Amz-SignedHeaders=host
SpaceX - YouTube,https://www.youtube.com/channel/UCtI0Hodo5o5dUb67FeUjDeA,www.youtube.com › channel,"SpaceX designs, manufactures and launches the world's most advanced rockets and spacecraft.",,,7,https://www.google.com/search?q=spacex&source=lnms&sa=X&ved=0ahUKEwjq28Pe_LXsAhXMDOwKHci4CIUQ_AUIDigA&biw=1440&bih=766&dpr=2,https://scrapezone-raw-htmls.s3.amazonaws.com/c30df87b-ad4c-4168-ad9b-6440ae3cb514-5f93647ef53aaba35fbed469.html?X-Amz-Algorithm=AWS4-HMAC-SHA256&X-Amz-Credential=AKIASK4CGCNC3YT6CW63%2F20201023%2Fus-east-1%2Fs3%2Faws4_request&X-Amz-Date=20201023T231738Z&X-Amz-Expires=604800&X-Amz-Signature=6754c6a0872afc3fd0ab60f69f9d07d72bec5c39120c401405ecb697809a26ed&X-Amz-SignedHeaders=host
SpaceX (@spacex) • Instagram photos and videos,https://www.instagram.com/spacex/?hl=en,www.instagram.com › spacex,"8.1m Followers, 3 Following, 348 Posts - See Instagram photos and videos from SpaceX (@spacex)",,,8,https://www.google.com/search?q=spacex&source=lnms&sa=X&ved=0ahUKEwjq28Pe_LXsAhXMDOwKHci4CIUQ_AUIDigA&biw=1440&bih=766&dpr=2,https://scrapezone-raw-htmls.s3.amazonaws.com/c30df87b-ad4c-4168-ad9b-6440ae3cb514-5f93647ef53aaba35fbed469.html?X-Amz-Algorithm=AWS4-HMAC-SHA256&X-Amz-Credential=AKIASK4CGCNC3YT6CW63%2F20201023%2Fus-east-1%2Fs3%2Faws4_request&X-Amz-Date=20201023T231738Z&X-Amz-Expires=604800&X-Amz-Signature=6754c6a0872afc3fd0ab60f69f9d07d72bec5c39120c401405ecb697809a26ed&X-Amz-SignedHeaders=host
Mahatma Gandhi - Wikipedia,https://en.wikipedia.org/wiki/Mahatma_Gandhi,en.wikipedia.org › wiki › Mahatma_Gandhi,"Mohandas Karamchand Gandhi was an Indian lawyer, anti-colonial nationalist, and political ethicist, who employed nonviolent resistance to lead the successful&nbsp;...",,,1,https://www.google.com/search?biw=1440&bih=766&ei=weyHX5LdCIK0sAfcrLmoCg&q=ghandi&oq=ghandi&gs_lcp=CgZwc3ktYWIQAzIHCC4QQxCTAjIECAAQCjIECAAQCjIECAAQCjIECC4QCjIECAAQCjIECAAQCjIECAAQCjIECAAQCjIECAAQCjoECAAQRzoECAAQQzoECC4QQzoCCC46AggAUMWEAVi3jwFgupIBaABwA3gAgAGnAYgBkweSAQMwLjaYAQCgAQGqAQdnd3Mtd2l6yAEIwAEB&sclient=psy-ab&ved=0ahUKEwjSwdji_LXsAhUCGuwKHVxWDqUQ4dUDCA0&uact=5,https://scrapezone-raw-htmls.s3.amazonaws.com/c575eb2d-7684-4634-bf0d-72bd83d37937-5f93647ef53aaba35fbed469.html?X-Amz-Algorithm=AWS4-HMAC-SHA256&X-Amz-Credential=AKIASK4CGCNC3YT6CW63%2F20201023%2Fus-east-1%2Fs3%2Faws4_request&X-Amz-Date=20201023T231739Z&X-Amz-Expires=604800&X-Amz-Signature=03b92f7b050b95bc3a9f4716c1e33cf705bfbee04a6b8c17538e0e38cb1062d5&X-Amz-SignedHeaders=host
,,,,,,2,https://www.google.com/search?biw=1440&bih=766&ei=weyHX5LdCIK0sAfcrLmoCg&q=ghandi&oq=ghandi&gs_lcp=CgZwc3ktYWIQAzIHCC4QQxCTAjIECAAQCjIECAAQCjIECAAQCjIECC4QCjIECAAQCjIECAAQCjIECAAQCjIECAAQCjIECAAQCjoECAAQRzoECAAQQzoECC4QQzoCCC46AggAUMWEAVi3jwFgupIBaABwA3gAgAGnAYgBkweSAQMwLjaYAQCgAQGqAQdnd3Mtd2l6yAEIwAEB&sclient=psy-ab&ved=0ahUKEwjSwdji_LXsAhUCGuwKHVxWDqUQ4dUDCA0&uact=5,https://scrapezone-raw-htmls.s3.amazonaws.com/c575eb2d-7684-4634-bf0d-72bd83d37937-5f93647ef53aaba35fbed469.html?X-Amz-Algorithm=AWS4-HMAC-SHA256&X-Amz-Credential=AKIASK4CGCNC3YT6CW63%2F20201023%2Fus-east-1%2Fs3%2Faws4_request&X-Amz-Date=20201023T231739Z&X-Amz-Expires=604800&X-Amz-Signature=03b92f7b050b95bc3a9f4716c1e33cf705bfbee04a6b8c17538e0e38cb1062d5&X-Amz-SignedHeaders=host
Mahatma Gandhi | Biography Accomplishments &amp; Facts ...,https://www.britannica.com/biography/Mahatma-Gandhi,www.britannica.com › biography › Mahatma-Gandhi,"Sep 28, 2020 — Mahatma Gandhi, byname of Mohandas Karamchand Gandhi, (born October 2, 1869, Porbandar, India—died January 30, 1948, Delhi), Indian lawyer, politician, social activist, and writer who became the leader of the nationalist movement against the British rule of India.",,,3,https://www.google.com/search?biw=1440&bih=766&ei=weyHX5LdCIK0sAfcrLmoCg&q=ghandi&oq=ghandi&gs_lcp=CgZwc3ktYWIQAzIHCC4QQxCTAjIECAAQCjIECAAQCjIECAAQCjIECC4QCjIECAAQCjIECAAQCjIECAAQCjIECAAQCjIECAAQCjoECAAQRzoECAAQQzoECC4QQzoCCC46AggAUMWEAVi3jwFgupIBaABwA3gAgAGnAYgBkweSAQMwLjaYAQCgAQGqAQdnd3Mtd2l6yAEIwAEB&sclient=psy-ab&ved=0ahUKEwjSwdji_LXsAhUCGuwKHVxWDqUQ4dUDCA0&uact=5,https://scrapezone-raw-htmls.s3.amazonaws.com/c575eb2d-7684-4634-bf0d-72bd83d37937-5f93647ef53aaba35fbed469.html?X-Amz-Algorithm=AWS4-HMAC-SHA256&X-Amz-Credential=AKIASK4CGCNC3YT6CW63%2F20201023%2Fus-east-1%2Fs3%2Faws4_request&X-Amz-Date=20201023T231739Z&X-Amz-Expires=604800&X-Amz-Signature=03b92f7b050b95bc3a9f4716c1e33cf705bfbee04a6b8c17538e0e38cb1062d5&X-Amz-SignedHeaders=host
Mahatma Gandhi - South Africa Salt March &amp; Assassination ...,https://www.biography.com/activist/mahatma-gandhi,www.biography.com › activist › mahatma-gandhi,"Apr 2, 2014 — Mahatma Gandhi was the leader of India's non-violent independence movement against British rule and in South Africa who advocated for the&nbsp;...",,,4,https://www.google.com/search?biw=1440&bih=766&ei=weyHX5LdCIK0sAfcrLmoCg&q=ghandi&oq=ghandi&gs_lcp=CgZwc3ktYWIQAzIHCC4QQxCTAjIECAAQCjIECAAQCjIECAAQCjIECC4QCjIECAAQCjIECAAQCjIECAAQCjIECAAQCjIECAAQCjoECAAQRzoECAAQQzoECC4QQzoCCC46AggAUMWEAVi3jwFgupIBaABwA3gAgAGnAYgBkweSAQMwLjaYAQCgAQGqAQdnd3Mtd2l6yAEIwAEB&sclient=psy-ab&ved=0ahUKEwjSwdji_LXsAhUCGuwKHVxWDqUQ4dUDCA0&uact=5,https://scrapezone-raw-htmls.s3.amazonaws.com/c575eb2d-7684-4634-bf0d-72bd83d37937-5f93647ef53aaba35fbed469.html?X-Amz-Algorithm=AWS4-HMAC-SHA256&X-Amz-Credential=AKIASK4CGCNC3YT6CW63%2F20201023%2Fus-east-1%2Fs3%2Faws4_request&X-Amz-Date=20201023T231739Z&X-Amz-Expires=604800&X-Amz-Signature=03b92f7b050b95bc3a9f4716c1e33cf705bfbee04a6b8c17538e0e38cb1062d5&X-Amz-SignedHeaders=host
Mohandas Gandhi - Biography Facts &amp; Beliefs - HISTORY,https://www.history.com/topics/india/mahatma-gandhi,www.history.com › topics › india › mahatma-gandhi,"Jul 30, 2010 — Mohandas Karamchand Gandhi was leader of India's nonviolent independence movement against British rule. He was revered the world over&nbsp;...",,,5,https://www.google.com/search?biw=1440&bih=766&ei=weyHX5LdCIK0sAfcrLmoCg&q=ghandi&oq=ghandi&gs_lcp=CgZwc3ktYWIQAzIHCC4QQxCTAjIECAAQCjIECAAQCjIECAAQCjIECC4QCjIECAAQCjIECAAQCjIECAAQCjIECAAQCjIECAAQCjoECAAQRzoECAAQQzoECC4QQzoCCC46AggAUMWEAVi3jwFgupIBaABwA3gAgAGnAYgBkweSAQMwLjaYAQCgAQGqAQdnd3Mtd2l6yAEIwAEB&sclient=psy-ab&ved=0ahUKEwjSwdji_LXsAhUCGuwKHVxWDqUQ4dUDCA0&uact=5,https://scrapezone-raw-htmls.s3.amazonaws.com/c575eb2d-7684-4634-bf0d-72bd83d37937-5f93647ef53aaba35fbed469.html?X-Amz-Algorithm=AWS4-HMAC-SHA256&X-Amz-Credential=AKIASK4CGCNC3YT6CW63%2F20201023%2Fus-east-1%2Fs3%2Faws4_request&X-Amz-Date=20201023T231739Z&X-Amz-Expires=604800&X-Amz-Signature=03b92f7b050b95bc3a9f4716c1e33cf705bfbee04a6b8c17538e0e38cb1062d5&X-Amz-SignedHeaders=host
An odd kind of piety: The truth about Gandhi's sex life | The ...,https://www.independent.co.uk/arts-entertainment/books/features/thrill-of-the-chaste-the-truth-about-gandhis-sex-life-1937411.html,www.independent.co.uk › Culture › Books › Features,"Jan 2, 2012 — But was there something more complex than a pious plea for chastity at play in Gandhi's beliefs, preachings and even his unusual personal&nbsp;...",,,6,https://www.google.com/search?biw=1440&bih=766&ei=weyHX5LdCIK0sAfcrLmoCg&q=ghandi&oq=ghandi&gs_lcp=CgZwc3ktYWIQAzIHCC4QQxCTAjIECAAQCjIECAAQCjIECAAQCjIECC4QCjIECAAQCjIECAAQCjIECAAQCjIECAAQCjIECAAQCjoECAAQRzoECAAQQzoECC4QQzoCCC46AggAUMWEAVi3jwFgupIBaABwA3gAgAGnAYgBkweSAQMwLjaYAQCgAQGqAQdnd3Mtd2l6yAEIwAEB&sclient=psy-ab&ved=0ahUKEwjSwdji_LXsAhUCGuwKHVxWDqUQ4dUDCA0&uact=5,https://scrapezone-raw-htmls.s3.amazonaws.com/c575eb2d-7684-4634-bf0d-72bd83d37937-5f93647ef53aaba35fbed469.html?X-Amz-Algorithm=AWS4-HMAC-SHA256&X-Amz-Credential=AKIASK4CGCNC3YT6CW63%2F20201023%2Fus-east-1%2Fs3%2Faws4_request&X-Amz-Date=20201023T231739Z&X-Amz-Expires=604800&X-Amz-Signature=03b92f7b050b95bc3a9f4716c1e33cf705bfbee04a6b8c17538e0e38cb1062d5&X-Amz-SignedHeaders=host
Gandhi for the Post-Truth Age | The New Yorker,https://www.newyorker.com/magazine/2018/10/22/gandhi-for-the-post-truth-age,www.newyorker.com › magazine › 2018/10/22 › gand...,"Oct 22, 2018 — It covers the most widely known part of Gandhi's life—the four decades, following his South African sojourn, when he emerged as the leader of the&nbsp;...",,,7,https://www.google.com/search?biw=1440&bih=766&ei=weyHX5LdCIK0sAfcrLmoCg&q=ghandi&oq=ghandi&gs_lcp=CgZwc3ktYWIQAzIHCC4QQxCTAjIECAAQCjIECAAQCjIECAAQCjIECC4QCjIECAAQCjIECAAQCjIECAAQCjIECAAQCjIECAAQCjoECAAQRzoECAAQQzoECC4QQzoCCC46AggAUMWEAVi3jwFgupIBaABwA3gAgAGnAYgBkweSAQMwLjaYAQCgAQGqAQdnd3Mtd2l6yAEIwAEB&sclient=psy-ab&ved=0ahUKEwjSwdji_LXsAhUCGuwKHVxWDqUQ4dUDCA0&uact=5,https://scrapezone-raw-htmls.s3.amazonaws.com/c575eb2d-7684-4634-bf0d-72bd83d37937-5f93647ef53aaba35fbed469.html?X-Amz-Algorithm=AWS4-HMAC-SHA256&X-Amz-Credential=AKIASK4CGCNC3YT6CW63%2F20201023%2Fus-east-1%2Fs3%2Faws4_request&X-Amz-Date=20201023T231739Z&X-Amz-Expires=604800&X-Amz-Signature=03b92f7b050b95bc3a9f4716c1e33cf705bfbee04a6b8c17538e0e38cb1062d5&X-Amz-SignedHeaders=host
Mahatma Gandhi | Sky HISTORY TV Channel - History.co.uk,http://www.history.co.uk/biographies/mahatma-gandhi,www.history.co.uk › biographies › mahatma-gandhi,"Mohandas Karamchand Gandhi, more commonly known as 'Mahatma' (meaning 'Great Soul') was born in Porbandar, Gujarat, in North West India, on 2nd&nbsp;...",,,8,https://www.google.com/search?biw=1440&bih=766&ei=weyHX5LdCIK0sAfcrLmoCg&q=ghandi&oq=ghandi&gs_lcp=CgZwc3ktYWIQAzIHCC4QQxCTAjIECAAQCjIECAAQCjIECAAQCjIECC4QCjIECAAQCjIECAAQCjIECAAQCjIECAAQCjIECAAQCjoECAAQRzoECAAQQzoECC4QQzoCCC46AggAUMWEAVi3jwFgupIBaABwA3gAgAGnAYgBkweSAQMwLjaYAQCgAQGqAQdnd3Mtd2l6yAEIwAEB&sclient=psy-ab&ved=0ahUKEwjSwdji_LXsAhUCGuwKHVxWDqUQ4dUDCA0&uact=5,https://scrapezone-raw-htmls.s3.amazonaws.com/c575eb2d-7684-4634-bf0d-72bd83d37937-5f93647ef53aaba35fbed469.html?X-Amz-Algorithm=AWS4-HMAC-SHA256&X-Amz-Credential=AKIASK4CGCNC3YT6CW63%2F20201023%2Fus-east-1%2Fs3%2Faws4_request&X-Amz-Date=20201023T231739Z&X-Amz-Expires=604800&X-Amz-Signature=03b92f7b050b95bc3a9f4716c1e33cf705bfbee04a6b8c17538e0e38cb1062d5&X-Amz-SignedHeaders=host