asin,title,image,rating,rating_scale,reviews_count,price,is_sponsored,position,url,html_output
B08F2FZR82,($20 eGift Card Promotion) Tracfone Monthly Carrier Subscription for Unlimited Talk Text 1GB Data plus Carryover Data Plan + Tracfone SIM Kit (T-Mobile Compatible)$15.00$15.00,https://m.media-amazon.com/images/I/71oFaOtAu8L._AC_UY218_.jpg,2,5,1,15,true,1,https://www.amazon.com/s?k=mobile+phones&ref=nb_sb_noss_2,https://scrapezone-raw-htmls.s3.amazonaws.com/26311c52-3ddd-48b1-99da-c1e568c51f40-5f935f0ef53aaba35fbed42a.html?X-Amz-Algorithm=AWS4-HMAC-SHA256&X-Amz-Credential=AKIASK4CGCNC3YT6CW63%2F20201023%2Fus-east-1%2Fs3%2Faws4_request&X-Amz-Date=20201023T225429Z&X-Amz-Expires=604800&X-Amz-Signature=82952733bcf439d3013c778473cd168d40261ccdce9a8d331e5f32339217c864&X-Amz-SignedHeaders=host
B07Y5V9CSW,Simple Mobile Samsung Galaxy A20 4G LTE Prepaid Smartphone (Locked) - Black - 32GB - Sim Card Included - GSM$135.82$135.82,https://m.media-amazon.com/images/I/81slhmwksHL._AC_UY218_.jpg,4.7,5,5,135.82,true,2,https://www.amazon.com/s?k=mobile+phones&ref=nb_sb_noss_2,https://scrapezone-raw-htmls.s3.amazonaws.com/26311c52-3ddd-48b1-99da-c1e568c51f40-5f935f0ef53aaba35fbed42a.html?X-Amz-Algorithm=AWS4-HMAC-SHA256&X-Amz-Credential=AKIASK4CGCNC3YT6CW63%2F20201023%2Fus-east-1%2Fs3%2Faws4_request&X-Amz-Date=20201023T225429Z&X-Amz-Expires=604800&X-Amz-Signature=82952733bcf439d3013c778473cd168d40261ccdce9a8d331e5f32339217c864&X-Amz-SignedHeaders=host
B08CFSZLQ4,Google Pixel 4a - New Unlocked Android Smartphone - 128 GB of Storage - Up to 24 Hour Battery - Just Black$349.99$349.99,https://m.media-amazon.com/images/I/71Q8gm97H8L._AC_UY218_.jpg,4.6,5,881,349.99,false,3,https://www.amazon.com/s?k=mobile+phones&ref=nb_sb_noss_2,https://scrapezone-raw-htmls.s3.amazonaws.com/26311c52-3ddd-48b1-99da-c1e568c51f40-5f935f0ef53aaba35fbed42a.html?X-Amz-Algorithm=AWS4-HMAC-SHA256&X-Amz-Credential=AKIASK4CGCNC3YT6CW63%2F20201023%2Fus-east-1%2Fs3%2Faws4_request&X-Amz-Date=20201023T225429Z&X-Amz-Expires=604800&X-Amz-Signature=82952733bcf439d3013c778473cd168d40261ccdce9a8d331e5f32339217c864&X-Amz-SignedHeaders=host
B08L7QLHDC,"ZZYH Smartphone Unlocked Mobile Phone (12GB+512GB) 6.9"" SIM Free Cell Phones Android 10.0 24MP Front + 48MP Rear Camera with 128GB TF Card$175.89$175.89",https://m.media-amazon.com/images/I/71JaFdfbKTL._AC_UY218_.jpg,NaN,5,,175.89,false,4,https://www.amazon.com/s?k=mobile+phones&ref=nb_sb_noss_2,https://scrapezone-raw-htmls.s3.amazonaws.com/26311c52-3ddd-48b1-99da-c1e568c51f40-5f935f0ef53aaba35fbed42a.html?X-Amz-Algorithm=AWS4-HMAC-SHA256&X-Amz-Credential=AKIASK4CGCNC3YT6CW63%2F20201023%2Fus-east-1%2Fs3%2Faws4_request&X-Amz-Date=20201023T225429Z&X-Amz-Expires=604800&X-Amz-Signature=82952733bcf439d3013c778473cd168d40261ccdce9a8d331e5f32339217c864&X-Amz-SignedHeaders=host
B07ZDJCL76,Samsung Galaxy A20s A207M 32GB DUOS GSM Unlocked Phone (International Variant/US Compatible LTE) - Black$169.00$169.00,https://m.media-amazon.com/images/I/31DVClA7BaL._AC_UY218_.jpg,4.3,5,6044,169,false,5,https://www.amazon.com/s?k=mobile+phones&ref=nb_sb_noss_2,https://scrapezone-raw-htmls.s3.amazonaws.com/26311c52-3ddd-48b1-99da-c1e568c51f40-5f935f0ef53aaba35fbed42a.html?X-Amz-Algorithm=AWS4-HMAC-SHA256&X-Amz-Credential=AKIASK4CGCNC3YT6CW63%2F20201023%2Fus-east-1%2Fs3%2Faws4_request&X-Amz-Date=20201023T225429Z&X-Amz-Expires=604800&X-Amz-Signature=82952733bcf439d3013c778473cd168d40261ccdce9a8d331e5f32339217c864&X-Amz-SignedHeaders=host
B086FKHTLZ,Samsung Galaxy A51 Factory Unlocked Cell Phone | 128GB of Storage | Long Lasting Battery | Single SIM | GSM or CDMA Compatible | US Version | Black$395.78$395.78,https://m.media-amazon.com/images/I/71QZcCFQcAL._AC_UY218_.jpg,4.3,5,5640,395.78,false,6,https://www.amazon.com/s?k=mobile+phones&ref=nb_sb_noss_2,https://scrapezone-raw-htmls.s3.amazonaws.com/26311c52-3ddd-48b1-99da-c1e568c51f40-5f935f0ef53aaba35fbed42a.html?X-Amz-Algorithm=AWS4-HMAC-SHA256&X-Amz-Credential=AKIASK4CGCNC3YT6CW63%2F20201023%2Fus-east-1%2Fs3%2Faws4_request&X-Amz-Date=20201023T225429Z&X-Amz-Expires=604800&X-Amz-Signature=82952733bcf439d3013c778473cd168d40261ccdce9a8d331e5f32339217c864&X-Amz-SignedHeaders=host
B07Y5TTS2Q,Tracfone Motorola Moto E6 4G LTE Prepaid Smartphone (Locked) - Black - 16GB - Sim Card Included - CDMA$39.88$39.88,https://m.media-amazon.com/images/I/71+hwPZiawL._AC_UY218_.jpg,4.3,5,72,39.88,true,7,https://www.amazon.com/s?k=mobile+phones&ref=nb_sb_noss_2,https://scrapezone-raw-htmls.s3.amazonaws.com/26311c52-3ddd-48b1-99da-c1e568c51f40-5f935f0ef53aaba35fbed42a.html?X-Amz-Algorithm=AWS4-HMAC-SHA256&X-Amz-Credential=AKIASK4CGCNC3YT6CW63%2F20201023%2Fus-east-1%2Fs3%2Faws4_request&X-Amz-Date=20201023T225429Z&X-Amz-Expires=604800&X-Amz-Signature=82952733bcf439d3013c778473cd168d40261ccdce9a8d331e5f32339217c864&X-Amz-SignedHeaders=host
B088N774B7,Simple Mobile Samsung Galaxy A01 4G LTE Prepaid Smartphone - Black - 16GB - Sim Card Included - GSM$59.00$59.00,https://m.media-amazon.com/images/I/61gxAIP-W5L._AC_UY218_.jpg,4.5,5,70,59,false,8,https://www.amazon.com/s?k=mobile+phones&ref=nb_sb_noss_2,https://scrapezone-raw-htmls.s3.amazonaws.com/26311c52-3ddd-48b1-99da-c1e568c51f40-5f935f0ef53aaba35fbed42a.html?X-Amz-Algorithm=AWS4-HMAC-SHA256&X-Amz-Credential=AKIASK4CGCNC3YT6CW63%2F20201023%2Fus-east-1%2Fs3%2Faws4_request&X-Amz-Date=20201023T225429Z&X-Amz-Expires=604800&X-Amz-Signature=82952733bcf439d3013c778473cd168d40261ccdce9a8d331e5f32339217c864&X-Amz-SignedHeaders=host
B082XY23D5,Samsung Galaxy S20 5G Factory Unlocked New Android Cell Phone US Version 128GB of Storage Fingerprint ID and Facial Recognition Long-Lasting Battery Cosmic Gray$999.99$999.99,https://m.media-amazon.com/images/I/61nSb8Jn7oL._AC_UY218_.jpg,4.5,5,676,999.99,false,9,https://www.amazon.com/s?k=mobile+phones&ref=nb_sb_noss_2,https://scrapezone-raw-htmls.s3.amazonaws.com/26311c52-3ddd-48b1-99da-c1e568c51f40-5f935f0ef53aaba35fbed42a.html?X-Amz-Algorithm=AWS4-HMAC-SHA256&X-Amz-Credential=AKIASK4CGCNC3YT6CW63%2F20201023%2Fus-east-1%2Fs3%2Faws4_request&X-Amz-Date=20201023T225429Z&X-Amz-Expires=604800&X-Amz-Signature=82952733bcf439d3013c778473cd168d40261ccdce9a8d331e5f32339217c864&X-Amz-SignedHeaders=host
B07BH6MXRT,Samsung Galaxy S9 64GB Lilac Purple - Fully Unlocked (Renewed)$254.00$254.00,https://m.media-amazon.com/images/I/61ktW8ONmkL._AC_UY218_.jpg,4.3,5,7244,254,false,10,https://www.amazon.com/s?k=mobile+phones&ref=nb_sb_noss_2,https://scrapezone-raw-htmls.s3.amazonaws.com/26311c52-3ddd-48b1-99da-c1e568c51f40-5f935f0ef53aaba35fbed42a.html?X-Amz-Algorithm=AWS4-HMAC-SHA256&X-Amz-Credential=AKIASK4CGCNC3YT6CW63%2F20201023%2Fus-east-1%2Fs3%2Faws4_request&X-Amz-Date=20201023T225429Z&X-Amz-Expires=604800&X-Amz-Signature=82952733bcf439d3013c778473cd168d40261ccdce9a8d331e5f32339217c864&X-Amz-SignedHeaders=host
B087881DPM,Rugged Cell Phone Unlocked WP5 8000mAh Battery Android 10.0 Rugged Smartphone 5.5 Inch 4GB RAM+32GB ROM IP68 Waterproof Shockproof Phone with 4 LED Flashlights Triple Camera Dual SIM 4G$155.99$155.99,https://m.media-amazon.com/images/I/51twjQTBkWL._AC_UY218_.jpg,4.1,5,243,155.99,false,11,https://www.amazon.com/s?k=mobile+phones&ref=nb_sb_noss_2,https://scrapezone-raw-htmls.s3.amazonaws.com/26311c52-3ddd-48b1-99da-c1e568c51f40-5f935f0ef53aaba35fbed42a.html?X-Amz-Algorithm=AWS4-HMAC-SHA256&X-Amz-Credential=AKIASK4CGCNC3YT6CW63%2F20201023%2Fus-east-1%2Fs3%2Faws4_request&X-Amz-Date=20201023T225429Z&X-Amz-Expires=604800&X-Amz-Signature=82952733bcf439d3013c778473cd168d40261ccdce9a8d331e5f32339217c864&X-Amz-SignedHeaders=host
B07Y5T9X4P,Tracfone LG Journey 4G LTE Prepaid Smartphone (Locked) - Black - 16GB - SIM Card Included - CDMA$31.97$31.97$52.12$52.12,https://m.media-amazon.com/images/I/61gOQVkgp6L._AC_UY218_.jpg,4.3,5,73,31.97,true,12,https://www.amazon.com/s?k=mobile+phones&ref=nb_sb_noss_2,https://scrapezone-raw-htmls.s3.amazonaws.com/26311c52-3ddd-48b1-99da-c1e568c51f40-5f935f0ef53aaba35fbed42a.html?X-Amz-Algorithm=AWS4-HMAC-SHA256&X-Amz-Credential=AKIASK4CGCNC3YT6CW63%2F20201023%2Fus-east-1%2Fs3%2Faws4_request&X-Amz-Date=20201023T225429Z&X-Amz-Expires=604800&X-Amz-Signature=82952733bcf439d3013c778473cd168d40261ccdce9a8d331e5f32339217c864&X-Amz-SignedHeaders=host
B01NAW98VS,Apple iPhone 7 32GB Gold - Fully Unlocked (Renewed)$178.00$178.00,https://m.media-amazon.com/images/I/71RYhD1uzpL._AC_UY218_.jpg,4,5,21684,178,false,13,https://www.amazon.com/s?k=mobile+phones&ref=nb_sb_noss_2,https://scrapezone-raw-htmls.s3.amazonaws.com/26311c52-3ddd-48b1-99da-c1e568c51f40-5f935f0ef53aaba35fbed42a.html?X-Amz-Algorithm=AWS4-HMAC-SHA256&X-Amz-Credential=AKIASK4CGCNC3YT6CW63%2F20201023%2Fus-east-1%2Fs3%2Faws4_request&X-Amz-Date=20201023T225429Z&X-Amz-Expires=604800&X-Amz-Signature=82952733bcf439d3013c778473cd168d40261ccdce9a8d331e5f32339217c864&X-Amz-SignedHeaders=host
B07T6ZDRHV,Rugged Unlocked Cell Phones Blackview BV5500 Pro 4G Smartphones IP68 Waterproof Drop Proof 5.5” 3GB+16GB Dual SIM [Quad Core] Android 9.0 4400mAh Battery and Face ID Mobile Phones Black$99.99$99.99,https://m.media-amazon.com/images/I/71ADjmnpMfL._AC_UY218_.jpg,3.8,5,380,99.99,false,14,https://www.amazon.com/s?k=mobile+phones&ref=nb_sb_noss_2,https://scrapezone-raw-htmls.s3.amazonaws.com/26311c52-3ddd-48b1-99da-c1e568c51f40-5f935f0ef53aaba35fbed42a.html?X-Amz-Algorithm=AWS4-HMAC-SHA256&X-Amz-Credential=AKIASK4CGCNC3YT6CW63%2F20201023%2Fus-east-1%2Fs3%2Faws4_request&X-Amz-Date=20201023T225429Z&X-Amz-Expires=604800&X-Amz-Signature=82952733bcf439d3013c778473cd168d40261ccdce9a8d331e5f32339217c864&X-Amz-SignedHeaders=host
B08723FJMF,OnePlus 8 Pro Onyx Black ​ 5G Unlocked Android Smartphone U.S Version 12GB RAM+256GB Storage 120Hz Fluid Display Quad Camera Wireless Charge with Alexa Built-in$899.99$899.99$999.00$999.00,https://m.media-amazon.com/images/I/51az5uPx4AL._AC_UY218_.jpg,4.4,5,710,899.99,false,15,https://www.amazon.com/s?k=mobile+phones&ref=nb_sb_noss_2,https://scrapezone-raw-htmls.s3.amazonaws.com/26311c52-3ddd-48b1-99da-c1e568c51f40-5f935f0ef53aaba35fbed42a.html?X-Amz-Algorithm=AWS4-HMAC-SHA256&X-Amz-Credential=AKIASK4CGCNC3YT6CW63%2F20201023%2Fus-east-1%2Fs3%2Faws4_request&X-Amz-Date=20201023T225429Z&X-Amz-Expires=604800&X-Amz-Signature=82952733bcf439d3013c778473cd168d40261ccdce9a8d331e5f32339217c864&X-Amz-SignedHeaders=host
B08FYVMRM5,Samsung Galaxy S20 FE 5G | Factory Unlocked Android Cell Phone | 128 GB | US Version Smartphone | Pro-Grade Camera 30X Space Zoom Night Mode | Cloud Mint Green$699.99$699.99,https://m.media-amazon.com/images/I/71ZcQSRCqBL._AC_UY218_.jpg,4.1,5,110,699.99,false,16,https://www.amazon.com/s?k=mobile+phones&ref=nb_sb_noss_2,https://scrapezone-raw-htmls.s3.amazonaws.com/26311c52-3ddd-48b1-99da-c1e568c51f40-5f935f0ef53aaba35fbed42a.html?X-Amz-Algorithm=AWS4-HMAC-SHA256&X-Amz-Credential=AKIASK4CGCNC3YT6CW63%2F20201023%2Fus-east-1%2Fs3%2Faws4_request&X-Amz-Date=20201023T225429Z&X-Amz-Expires=604800&X-Amz-Signature=82952733bcf439d3013c778473cd168d40261ccdce9a8d331e5f32339217c864&X-Amz-SignedHeaders=host
B084GZJ517,Simple Mobile Carrier-Locked LG Stylo 5 4G LTE Prepaid Smartphone - Black - 32GB - Sim Card Included - GSM (SMLGL722DGP5)$117.27$117.27,https://m.media-amazon.com/images/I/71ZGF619QwL._AC_UY218_.jpg,3.7,5,11,117.27,true,17,https://www.amazon.com/s?k=mobile+phones&ref=nb_sb_noss_2,https://scrapezone-raw-htmls.s3.amazonaws.com/26311c52-3ddd-48b1-99da-c1e568c51f40-5f935f0ef53aaba35fbed42a.html?X-Amz-Algorithm=AWS4-HMAC-SHA256&X-Amz-Credential=AKIASK4CGCNC3YT6CW63%2F20201023%2Fus-east-1%2Fs3%2Faws4_request&X-Amz-Date=20201023T225429Z&X-Amz-Expires=604800&X-Amz-Signature=82952733bcf439d3013c778473cd168d40261ccdce9a8d331e5f32339217c864&X-Amz-SignedHeaders=host
B07RG85WY6,Moto E6 | Unlocked | Made for US by Motorola | 2/16GB | 13MP Camera | Blue$99.99$99.99$149.99$149.99,https://m.media-amazon.com/images/I/911j3igZxmL._AC_UY218_.jpg,4.1,5,265,99.99,false,18,https://www.amazon.com/s?k=mobile+phones&ref=nb_sb_noss_2,https://scrapezone-raw-htmls.s3.amazonaws.com/26311c52-3ddd-48b1-99da-c1e568c51f40-5f935f0ef53aaba35fbed42a.html?X-Amz-Algorithm=AWS4-HMAC-SHA256&X-Amz-Credential=AKIASK4CGCNC3YT6CW63%2F20201023%2Fus-east-1%2Fs3%2Faws4_request&X-Amz-Date=20201023T225429Z&X-Amz-Expires=604800&X-Amz-Signature=82952733bcf439d3013c778473cd168d40261ccdce9a8d331e5f32339217c864&X-Amz-SignedHeaders=host
B07SSCJHT1,BLU Studio Mini -5.5HD Smartphone 32GB+2GB Ram -Black$69.99$69.99,https://m.media-amazon.com/images/I/A1gUduSRYZL._AC_UY218_.jpg,3.9,5,1504,69.99,false,19,https://www.amazon.com/s?k=mobile+phones&ref=nb_sb_noss_2,https://scrapezone-raw-htmls.s3.amazonaws.com/26311c52-3ddd-48b1-99da-c1e568c51f40-5f935f0ef53aaba35fbed42a.html?X-Amz-Algorithm=AWS4-HMAC-SHA256&X-Amz-Credential=AKIASK4CGCNC3YT6CW63%2F20201023%2Fus-east-1%2Fs3%2Faws4_request&X-Amz-Date=20201023T225429Z&X-Amz-Expires=604800&X-Amz-Signature=82952733bcf439d3013c778473cd168d40261ccdce9a8d331e5f32339217c864&X-Amz-SignedHeaders=host
B08BX7LJ5T,Samsung Electronics Galaxy Note 20 5G Factory Unlocked Android Cell Phone US Version 128GB of Storage Mobile Gaming Smartphone Long-Lasting Battery Mystic Gray$799.00$799.00$999.99$999.99,https://m.media-amazon.com/images/I/81u9TvUNiKL._AC_UY218_.jpg,4.4,5,572,799,false,20,https://www.amazon.com/s?k=mobile+phones&ref=nb_sb_noss_2,https://scrapezone-raw-htmls.s3.amazonaws.com/26311c52-3ddd-48b1-99da-c1e568c51f40-5f935f0ef53aaba35fbed42a.html?X-Amz-Algorithm=AWS4-HMAC-SHA256&X-Amz-Credential=AKIASK4CGCNC3YT6CW63%2F20201023%2Fus-east-1%2Fs3%2Faws4_request&X-Amz-Date=20201023T225429Z&X-Amz-Expires=604800&X-Amz-Signature=82952733bcf439d3013c778473cd168d40261ccdce9a8d331e5f32339217c864&X-Amz-SignedHeaders=host
B07R5CBGY4,Google - Pixel 3a with 64GB Memory Cell Phone (Unlocked) - Purple-ish$378.00$378.00$399.00$399.00,https://m.media-amazon.com/images/I/815ZJz9f9YL._AC_UY218_.jpg,4.3,5,6517,378,false,21,https://www.amazon.com/s?k=mobile+phones&ref=nb_sb_noss_2,https://scrapezone-raw-htmls.s3.amazonaws.com/26311c52-3ddd-48b1-99da-c1e568c51f40-5f935f0ef53aaba35fbed42a.html?X-Amz-Algorithm=AWS4-HMAC-SHA256&X-Amz-Credential=AKIASK4CGCNC3YT6CW63%2F20201023%2Fus-east-1%2Fs3%2Faws4_request&X-Amz-Date=20201023T225429Z&X-Amz-Expires=604800&X-Amz-Signature=82952733bcf439d3013c778473cd168d40261ccdce9a8d331e5f32339217c864&X-Amz-SignedHeaders=host
B08FYVMRM5,Samsung Galaxy S20 FE 5G | Factory Unlocked Android Cell Phone | 128 GB | US Version Smartphone | Pro-Grade Camera 30X Space Zoom Night Mode | Cloud Mint Green$699.99$699.99,https://m.media-amazon.com/images/I/71ZcQSRCqBL._AC_UY218_.jpg,4.1,5,110,699.99,true,22,https://www.amazon.com/s?k=mobile+phones&ref=nb_sb_noss_2,https://scrapezone-raw-htmls.s3.amazonaws.com/26311c52-3ddd-48b1-99da-c1e568c51f40-5f935f0ef53aaba35fbed42a.html?X-Amz-Algorithm=AWS4-HMAC-SHA256&X-Amz-Credential=AKIASK4CGCNC3YT6CW63%2F20201023%2Fus-east-1%2Fs3%2Faws4_request&X-Amz-Date=20201023T225429Z&X-Amz-Expires=604800&X-Amz-Signature=82952733bcf439d3013c778473cd168d40261ccdce9a8d331e5f32339217c864&X-Amz-SignedHeaders=host
B07RP6XBBK,Paint Pens for Rock Painting Stone Ceramic Glass Wood. 21 Pens by Chromatek. Multi-Surface. Medium Tip. Waterproof. Quick Drying. Never Fade. Online Video Tutorials Ebook With Dozens of Ideas and Lessons. Oil Based.$16.50$16.50($0.79/Item)$18.99$18.99,https://m.media-amazon.com/images/I/91fgK+nMOfL._AC_UL320_.jpg,4.6,5,421,16.5,true,1,https://www.amazon.com/s?k=painting&ref=nb_sb_noss_2,https://scrapezone-raw-htmls.s3.amazonaws.com/9fc6dbe3-03fd-402c-984c-817fa55f0320-5f935f0ef53aaba35fbed42a.html?X-Amz-Algorithm=AWS4-HMAC-SHA256&X-Amz-Credential=AKIASK4CGCNC3YT6CW63%2F20201023%2Fus-east-1%2Fs3%2Faws4_request&X-Amz-Date=20201023T225431Z&X-Amz-Expires=604800&X-Amz-Signature=def8480217a449c0060f8a01fcec9cb1253b63678bd05df2ed8400d6e5738c33&X-Amz-SignedHeaders=host
B07RWD3S5Q,ARTDOT A4 LED Light Pad for Diamond Painting USB Powered Light Board Kit Adjustable Brightness with Detachable Stand and Clips$19.99$19.99,https://m.media-amazon.com/images/I/81+ngneJjqL._AC_UL320_.jpg,4.4,5,4557,19.99,false,2,https://www.amazon.com/s?k=painting&ref=nb_sb_noss_2,https://scrapezone-raw-htmls.s3.amazonaws.com/9fc6dbe3-03fd-402c-984c-817fa55f0320-5f935f0ef53aaba35fbed42a.html?X-Amz-Algorithm=AWS4-HMAC-SHA256&X-Amz-Credential=AKIASK4CGCNC3YT6CW63%2F20201023%2Fus-east-1%2Fs3%2Faws4_request&X-Amz-Date=20201023T225431Z&X-Amz-Expires=604800&X-Amz-Signature=def8480217a449c0060f8a01fcec9cb1253b63678bd05df2ed8400d6e5738c33&X-Amz-SignedHeaders=host
B07VXCPWSJ,MEEDEN 145 Pcs Deluxe Artist Painting Set with French Easel Art Painting Brushes Paint Tubes Painting Pads Stretched Canvas Painting Knives for Acrylic Oil Watercolor Painting$149.95$149.95$179.99$179.99,https://m.media-amazon.com/images/I/81zrSDernhL._AC_UL320_.jpg,4.6,5,164,149.95,false,3,https://www.amazon.com/s?k=painting&ref=nb_sb_noss_2,https://scrapezone-raw-htmls.s3.amazonaws.com/9fc6dbe3-03fd-402c-984c-817fa55f0320-5f935f0ef53aaba35fbed42a.html?X-Amz-Algorithm=AWS4-HMAC-SHA256&X-Amz-Credential=AKIASK4CGCNC3YT6CW63%2F20201023%2Fus-east-1%2Fs3%2Faws4_request&X-Amz-Date=20201023T225431Z&X-Amz-Expires=604800&X-Amz-Signature=def8480217a449c0060f8a01fcec9cb1253b63678bd05df2ed8400d6e5738c33&X-Amz-SignedHeaders=host
B07BNGQ1SS,PHOENIX White Blank Cotton Stretched Canvas Artist Painting - 8x10 Inch / 10 Pack - 5/8 Inch Profile Triple Primed for Oil &amp; Acrylic Paints$14.88$14.88,https://m.media-amazon.com/images/I/71v34HkdprL._AC_UL320_.jpg,4.8,5,7704,14.88,false,4,https://www.amazon.com/s?k=painting&ref=nb_sb_noss_2,https://scrapezone-raw-htmls.s3.amazonaws.com/9fc6dbe3-03fd-402c-984c-817fa55f0320-5f935f0ef53aaba35fbed42a.html?X-Amz-Algorithm=AWS4-HMAC-SHA256&X-Amz-Credential=AKIASK4CGCNC3YT6CW63%2F20201023%2Fus-east-1%2Fs3%2Faws4_request&X-Amz-Date=20201023T225431Z&X-Amz-Expires=604800&X-Amz-Signature=def8480217a449c0060f8a01fcec9cb1253b63678bd05df2ed8400d6e5738c33&X-Amz-SignedHeaders=host
B07BNHHM98,PHOENIX Artist Painting Canvas Panels - 11x14 Inch / 12 Pack - Triple Primed Cotton Canvas Boards for Oil &amp; Acrylic Painting$16.35$16.35$18.35$18.35,https://m.media-amazon.com/images/I/61W-ic7wtkL._AC_UL320_.jpg,4.7,5,5079,16.35,false,5,https://www.amazon.com/s?k=painting&ref=nb_sb_noss_2,https://scrapezone-raw-htmls.s3.amazonaws.com/9fc6dbe3-03fd-402c-984c-817fa55f0320-5f935f0ef53aaba35fbed42a.html?X-Amz-Algorithm=AWS4-HMAC-SHA256&X-Amz-Credential=AKIASK4CGCNC3YT6CW63%2F20201023%2Fus-east-1%2Fs3%2Faws4_request&X-Amz-Date=20201023T225431Z&X-Amz-Expires=604800&X-Amz-Signature=def8480217a449c0060f8a01fcec9cb1253b63678bd05df2ed8400d6e5738c33&X-Amz-SignedHeaders=host
B07WJ5G1HR,DIY 5D Diamond Painting by Number Kits Crystal Rhinestone Diamond Embroidery Paintings Pictures Arts Craft for Home Wall Decor (Castle)$13.80$13.80$19.99$19.99,https://m.media-amazon.com/images/I/615FvmmSqmL._AC_UL320_.jpg,4.5,5,1579,13.8,false,6,https://www.amazon.com/s?k=painting&ref=nb_sb_noss_2,https://scrapezone-raw-htmls.s3.amazonaws.com/9fc6dbe3-03fd-402c-984c-817fa55f0320-5f935f0ef53aaba35fbed42a.html?X-Amz-Algorithm=AWS4-HMAC-SHA256&X-Amz-Credential=AKIASK4CGCNC3YT6CW63%2F20201023%2Fus-east-1%2Fs3%2Faws4_request&X-Amz-Date=20201023T225431Z&X-Amz-Expires=604800&X-Amz-Signature=def8480217a449c0060f8a01fcec9cb1253b63678bd05df2ed8400d6e5738c33&X-Amz-SignedHeaders=host
B07H24YPRS,Manhattan River Abstract Painting Canvas Wall Art Decor Modern City New York View Painting Artwork for Living Room Bedroom Office Home Decoration$46.90$46.90,https://m.media-amazon.com/images/I/61bc6srYKGL._AC_UL320_.jpg,4.9,5,22,46.9,false,7,https://www.amazon.com/s?k=painting&ref=nb_sb_noss_2,https://scrapezone-raw-htmls.s3.amazonaws.com/9fc6dbe3-03fd-402c-984c-817fa55f0320-5f935f0ef53aaba35fbed42a.html?X-Amz-Algorithm=AWS4-HMAC-SHA256&X-Amz-Credential=AKIASK4CGCNC3YT6CW63%2F20201023%2Fus-east-1%2Fs3%2Faws4_request&X-Amz-Date=20201023T225431Z&X-Amz-Expires=604800&X-Amz-Signature=def8480217a449c0060f8a01fcec9cb1253b63678bd05df2ed8400d6e5738c33&X-Amz-SignedHeaders=host
B07DB1TVND,Acrylic Paint Pens for Rocks Painting Ceramic Glass Wood Fabric Canvas Mugs DIY Craft Making Supplies Scrapbooking Craft Card Making. Acrylic Paint Marker Pens Set of 12 Colors$15.99$15.99,https://m.media-amazon.com/images/I/61cxsaAFztL._AC_UL320_.jpg,4.6,5,4138,15.99,false,8,https://www.amazon.com/s?k=painting&ref=nb_sb_noss_2,https://scrapezone-raw-htmls.s3.amazonaws.com/9fc6dbe3-03fd-402c-984c-817fa55f0320-5f935f0ef53aaba35fbed42a.html?X-Amz-Algorithm=AWS4-HMAC-SHA256&X-Amz-Credential=AKIASK4CGCNC3YT6CW63%2F20201023%2Fus-east-1%2Fs3%2Faws4_request&X-Amz-Date=20201023T225431Z&X-Amz-Expires=604800&X-Amz-Signature=def8480217a449c0060f8a01fcec9cb1253b63678bd05df2ed8400d6e5738c33&X-Amz-SignedHeaders=host
B07WLCNJ9Q,XPCARE 6 Pack 5d Diamond Painting Kits Full Drill Rhinestone Moon Diamond Pictures for Home Wall Decor(Canvas 12 X 12 Inch)$16.99$16.99,https://m.media-amazon.com/images/I/81vW+7l7xvL._AC_UL320_.jpg,4.6,5,2437,16.99,false,9,https://www.amazon.com/s?k=painting&ref=nb_sb_noss_2,https://scrapezone-raw-htmls.s3.amazonaws.com/9fc6dbe3-03fd-402c-984c-817fa55f0320-5f935f0ef53aaba35fbed42a.html?X-Amz-Algorithm=AWS4-HMAC-SHA256&X-Amz-Credential=AKIASK4CGCNC3YT6CW63%2F20201023%2Fus-east-1%2Fs3%2Faws4_request&X-Amz-Date=20201023T225431Z&X-Amz-Expires=604800&X-Amz-Signature=def8480217a449c0060f8a01fcec9cb1253b63678bd05df2ed8400d6e5738c33&X-Amz-SignedHeaders=host
B07WNLT8FX,HomeCraftology A4 Diamond Painting Light Pad 2nd-Generation Ultra-Thin Tracing Drawing Board USB Powered Adjustable Brightness Light Board with Arts Crafts Accessories (Upgrade)$23.99$23.99,https://m.media-amazon.com/images/I/61TPbXRalYL._AC_UL320_.jpg,4.7,5,431,23.99,false,10,https://www.amazon.com/s?k=painting&ref=nb_sb_noss_2,https://scrapezone-raw-htmls.s3.amazonaws.com/9fc6dbe3-03fd-402c-984c-817fa55f0320-5f935f0ef53aaba35fbed42a.html?X-Amz-Algorithm=AWS4-HMAC-SHA256&X-Amz-Credential=AKIASK4CGCNC3YT6CW63%2F20201023%2Fus-east-1%2Fs3%2Faws4_request&X-Amz-Date=20201023T225431Z&X-Amz-Expires=604800&X-Amz-Signature=def8480217a449c0060f8a01fcec9cb1253b63678bd05df2ed8400d6e5738c33&X-Amz-SignedHeaders=host
B07QZK4PF4,56ps- 5D Diamond Painting Tools Kids for Adults Diamond Painting Accessories Kits for Kids to Make Diamond Painting Art$9.99$9.99$12.99$12.99,https://m.media-amazon.com/images/I/71csfbGRwjL._AC_UL320_.jpg,4.6,5,413,9.99,false,11,https://www.amazon.com/s?k=painting&ref=nb_sb_noss_2,https://scrapezone-raw-htmls.s3.amazonaws.com/9fc6dbe3-03fd-402c-984c-817fa55f0320-5f935f0ef53aaba35fbed42a.html?X-Amz-Algorithm=AWS4-HMAC-SHA256&X-Amz-Credential=AKIASK4CGCNC3YT6CW63%2F20201023%2Fus-east-1%2Fs3%2Faws4_request&X-Amz-Date=20201023T225431Z&X-Amz-Expires=604800&X-Amz-Signature=def8480217a449c0060f8a01fcec9cb1253b63678bd05df2ed8400d6e5738c33&X-Amz-SignedHeaders=host
B08H4WQXXW,PAINTING LESSONS: A Practical Approach to the Philosophy of Painting$16.99$16.99,https://m.media-amazon.com/images/I/61x73JJ30vL._AC_UL320_.jpg,5,5,3,16.99,false,12,https://www.amazon.com/s?k=painting&ref=nb_sb_noss_2,https://scrapezone-raw-htmls.s3.amazonaws.com/9fc6dbe3-03fd-402c-984c-817fa55f0320-5f935f0ef53aaba35fbed42a.html?X-Amz-Algorithm=AWS4-HMAC-SHA256&X-Amz-Credential=AKIASK4CGCNC3YT6CW63%2F20201023%2Fus-east-1%2Fs3%2Faws4_request&X-Amz-Date=20201023T225431Z&X-Amz-Expires=604800&X-Amz-Signature=def8480217a449c0060f8a01fcec9cb1253b63678bd05df2ed8400d6e5738c33&X-Amz-SignedHeaders=host
B00TIXP6EU,CCS CHICAGO CANVAS &amp; Supply All Purpose Canvas Cotton Drop Cloth 9 by 12 Feet$22.95$22.95$27.95$27.95,https://m.media-amazon.com/images/I/71wykTjJPvL._AC_UL320_.jpg,4.7,5,3793,22.95,false,13,https://www.amazon.com/s?k=painting&ref=nb_sb_noss_2,https://scrapezone-raw-htmls.s3.amazonaws.com/9fc6dbe3-03fd-402c-984c-817fa55f0320-5f935f0ef53aaba35fbed42a.html?X-Amz-Algorithm=AWS4-HMAC-SHA256&X-Amz-Credential=AKIASK4CGCNC3YT6CW63%2F20201023%2Fus-east-1%2Fs3%2Faws4_request&X-Amz-Date=20201023T225431Z&X-Amz-Expires=604800&X-Amz-Signature=def8480217a449c0060f8a01fcec9cb1253b63678bd05df2ed8400d6e5738c33&X-Amz-SignedHeaders=host
B0839FXM9R,S01969 Wall Art HD Aurora Scenery Painting on Canvas Prints Stretched and Framed Pictures to Photo Ready to Hang for Home Decorations Office Wall Decor 24X36 inch$54.99$54.99,https://m.media-amazon.com/images/I/61-6ncHbD-L._AC_UL320_.jpg,4.6,5,595,54.99,true,14,https://www.amazon.com/s?k=painting&ref=nb_sb_noss_2,https://scrapezone-raw-htmls.s3.amazonaws.com/9fc6dbe3-03fd-402c-984c-817fa55f0320-5f935f0ef53aaba35fbed42a.html?X-Amz-Algorithm=AWS4-HMAC-SHA256&X-Amz-Credential=AKIASK4CGCNC3YT6CW63%2F20201023%2Fus-east-1%2Fs3%2Faws4_request&X-Amz-Date=20201023T225431Z&X-Amz-Expires=604800&X-Amz-Signature=def8480217a449c0060f8a01fcec9cb1253b63678bd05df2ed8400d6e5738c33&X-Amz-SignedHeaders=host
B07D782C77,Yotree Paintings 24x48 Inch Paintings Snowy Night Rainy Road Oil Hand Painting Painting 3D Hand-Painted On Canvas Abstract Artwork Art Wood Inside Framed Hanging Wall Decoration Abstract Painting$89.99$89.99,https://m.media-amazon.com/images/I/71Wfi-3yW4L._AC_UL320_.jpg,4.7,5,23,89.99,true,15,https://www.amazon.com/s?k=painting&ref=nb_sb_noss_2,https://scrapezone-raw-htmls.s3.amazonaws.com/9fc6dbe3-03fd-402c-984c-817fa55f0320-5f935f0ef53aaba35fbed42a.html?X-Amz-Algorithm=AWS4-HMAC-SHA256&X-Amz-Credential=AKIASK4CGCNC3YT6CW63%2F20201023%2Fus-east-1%2Fs3%2Faws4_request&X-Amz-Date=20201023T225431Z&X-Amz-Expires=604800&X-Amz-Signature=def8480217a449c0060f8a01fcec9cb1253b63678bd05df2ed8400d6e5738c33&X-Amz-SignedHeaders=host
B0856XBBM5,Delta Prime Savings Club Aluminum 214 Piece Aluminum Art Kit - Professional Art Supplies Including Paint Brushes Pastels Art Books$128.00$128.00,https://m.media-amazon.com/images/I/71KLdJXMMzL._AC_UL320_.jpg,4.4,5,4,128,true,16,https://www.amazon.com/s?k=painting&ref=nb_sb_noss_2,https://scrapezone-raw-htmls.s3.amazonaws.com/9fc6dbe3-03fd-402c-984c-817fa55f0320-5f935f0ef53aaba35fbed42a.html?X-Amz-Algorithm=AWS4-HMAC-SHA256&X-Amz-Credential=AKIASK4CGCNC3YT6CW63%2F20201023%2Fus-east-1%2Fs3%2Faws4_request&X-Amz-Date=20201023T225431Z&X-Amz-Expires=604800&X-Amz-Signature=def8480217a449c0060f8a01fcec9cb1253b63678bd05df2ed8400d6e5738c33&X-Amz-SignedHeaders=host
B07Y9ZMTK1,Diamond Art 5D DIY Diamond Painting Kits for Adults Kids by Number Full Round Drills Mosaic Beads Art Work (Moon4pc)$16.99$16.99$29.99$29.99,https://m.media-amazon.com/images/I/71Dsf0AK9HL._AC_UL320_.jpg,4.4,5,45,16.99,false,17,https://www.amazon.com/s?k=painting&ref=nb_sb_noss_2,https://scrapezone-raw-htmls.s3.amazonaws.com/9fc6dbe3-03fd-402c-984c-817fa55f0320-5f935f0ef53aaba35fbed42a.html?X-Amz-Algorithm=AWS4-HMAC-SHA256&X-Amz-Credential=AKIASK4CGCNC3YT6CW63%2F20201023%2Fus-east-1%2Fs3%2Faws4_request&X-Amz-Date=20201023T225431Z&X-Amz-Expires=604800&X-Amz-Signature=def8480217a449c0060f8a01fcec9cb1253b63678bd05df2ed8400d6e5738c33&X-Amz-SignedHeaders=host
B01HZMQJ8C,"Colorations Art Paper Drawing Painting Paper Watercolor Painting Finger Painting Paint Arts and Crafts 9"" x 12"" 100 Sheets Kids Crafts (9UP)$18.34$18.34($0.18/Each Set)",https://m.media-amazon.com/images/I/714raREX5iL._AC_UL320_.jpg,4.7,5,143,18.34,false,18,https://www.amazon.com/s?k=painting&ref=nb_sb_noss_2,https://scrapezone-raw-htmls.s3.amazonaws.com/9fc6dbe3-03fd-402c-984c-817fa55f0320-5f935f0ef53aaba35fbed42a.html?X-Amz-Algorithm=AWS4-HMAC-SHA256&X-Amz-Credential=AKIASK4CGCNC3YT6CW63%2F20201023%2Fus-east-1%2Fs3%2Faws4_request&X-Amz-Date=20201023T225431Z&X-Amz-Expires=604800&X-Amz-Signature=def8480217a449c0060f8a01fcec9cb1253b63678bd05df2ed8400d6e5738c33&X-Amz-SignedHeaders=host
B074W56CQ4,Hulameda Paint Tray Palettes Plastic Pallets for Kid Adult Student to Acrylic Oil Watercolor Craft DIY Art Painting-12pcs$8.99$8.99,https://m.media-amazon.com/images/I/61lF8Ffk2DL._AC_UL320_.jpg,4.8,5,5403,8.99,false,19,https://www.amazon.com/s?k=painting&ref=nb_sb_noss_2,https://scrapezone-raw-htmls.s3.amazonaws.com/9fc6dbe3-03fd-402c-984c-817fa55f0320-5f935f0ef53aaba35fbed42a.html?X-Amz-Algorithm=AWS4-HMAC-SHA256&X-Amz-Credential=AKIASK4CGCNC3YT6CW63%2F20201023%2Fus-east-1%2Fs3%2Faws4_request&X-Amz-Date=20201023T225431Z&X-Amz-Expires=604800&X-Amz-Signature=def8480217a449c0060f8a01fcec9cb1253b63678bd05df2ed8400d6e5738c33&X-Amz-SignedHeaders=host
B01MSTCDSF,Arteza Canvas Boards for Painting 8x10 Set of 14 Primed White Canvas Panels for Acrylic Oil Other Wet or Dry Art Media for Artists Hobby Painters Kids$15.99$15.99$17.99$17.99,https://m.media-amazon.com/images/I/81uf283UI7L._AC_UL320_.jpg,4.7,5,1011,15.99,false,20,https://www.amazon.com/s?k=painting&ref=nb_sb_noss_2,https://scrapezone-raw-htmls.s3.amazonaws.com/9fc6dbe3-03fd-402c-984c-817fa55f0320-5f935f0ef53aaba35fbed42a.html?X-Amz-Algorithm=AWS4-HMAC-SHA256&X-Amz-Credential=AKIASK4CGCNC3YT6CW63%2F20201023%2Fus-east-1%2Fs3%2Faws4_request&X-Amz-Date=20201023T225431Z&X-Amz-Expires=604800&X-Amz-Signature=def8480217a449c0060f8a01fcec9cb1253b63678bd05df2ed8400d6e5738c33&X-Amz-SignedHeaders=host
B07P81GLRD,Acrylic Paint Brush Set 6 Packs / 60 pcs Nylon Hair Brushes for All Purpose Oil Watercolor Painting Artist Professional Kits$11.99$11.99,https://m.media-amazon.com/images/I/81cwCu0UuxL._AC_UL320_.jpg,4.7,5,2466,11.99,false,21,https://www.amazon.com/s?k=painting&ref=nb_sb_noss_2,https://scrapezone-raw-htmls.s3.amazonaws.com/9fc6dbe3-03fd-402c-984c-817fa55f0320-5f935f0ef53aaba35fbed42a.html?X-Amz-Algorithm=AWS4-HMAC-SHA256&X-Amz-Credential=AKIASK4CGCNC3YT6CW63%2F20201023%2Fus-east-1%2Fs3%2Faws4_request&X-Amz-Date=20201023T225431Z&X-Amz-Expires=604800&X-Amz-Signature=def8480217a449c0060f8a01fcec9cb1253b63678bd05df2ed8400d6e5738c33&X-Amz-SignedHeaders=host
B07C2GDC1Q,DIY 5D Diamond Painting Beach by Number Kits Painting Cross Stitch Full Drill Crystal Rhinestone Embroidery Pictures Arts Craft for Home Wall Decor Gift (YCloveZ09-16x12in)$10.19$10.19$11.99$11.99,https://m.media-amazon.com/images/I/81vILnNSPwL._AC_UL320_.jpg,4.5,5,4050,10.19,false,22,https://www.amazon.com/s?k=painting&ref=nb_sb_noss_2,https://scrapezone-raw-htmls.s3.amazonaws.com/9fc6dbe3-03fd-402c-984c-817fa55f0320-5f935f0ef53aaba35fbed42a.html?X-Amz-Algorithm=AWS4-HMAC-SHA256&X-Amz-Credential=AKIASK4CGCNC3YT6CW63%2F20201023%2Fus-east-1%2Fs3%2Faws4_request&X-Amz-Date=20201023T225431Z&X-Amz-Expires=604800&X-Amz-Signature=def8480217a449c0060f8a01fcec9cb1253b63678bd05df2ed8400d6e5738c33&X-Amz-SignedHeaders=host
B01FCHZOII,Artlicious Canvas Panels 12 Pack - 8 inch x 10 inch Super Value Pack - Artist Canvas Boards for Painting$12.99$12.99$13.99$13.99,https://m.media-amazon.com/images/I/61T+FLqCEEL._AC_UL320_.jpg,4.7,5,9603,12.99,false,23,https://www.amazon.com/s?k=painting&ref=nb_sb_noss_2,https://scrapezone-raw-htmls.s3.amazonaws.com/9fc6dbe3-03fd-402c-984c-817fa55f0320-5f935f0ef53aaba35fbed42a.html?X-Amz-Algorithm=AWS4-HMAC-SHA256&X-Amz-Credential=AKIASK4CGCNC3YT6CW63%2F20201023%2Fus-east-1%2Fs3%2Faws4_request&X-Amz-Date=20201023T225431Z&X-Amz-Expires=604800&X-Amz-Signature=def8480217a449c0060f8a01fcec9cb1253b63678bd05df2ed8400d6e5738c33&X-Amz-SignedHeaders=host
B07DRKKY2J,Falling in Art Beechwood Tabletop Easel Set with 12 Tubes Acrylic Paints Canvas Panels Brushes Palette – 23 Pieces Acrylic Artist Painting Tools Kit for Adults Beginners Kids$35.99$35.99,https://m.media-amazon.com/images/I/71wrV0uRz5L._AC_UL320_.jpg,4.6,5,524,35.99,false,24,https://www.amazon.com/s?k=painting&ref=nb_sb_noss_2,https://scrapezone-raw-htmls.s3.amazonaws.com/9fc6dbe3-03fd-402c-984c-817fa55f0320-5f935f0ef53aaba35fbed42a.html?X-Amz-Algorithm=AWS4-HMAC-SHA256&X-Amz-Credential=AKIASK4CGCNC3YT6CW63%2F20201023%2Fus-east-1%2Fs3%2Faws4_request&X-Amz-Date=20201023T225431Z&X-Amz-Expires=604800&X-Amz-Signature=def8480217a449c0060f8a01fcec9cb1253b63678bd05df2ed8400d6e5738c33&X-Amz-SignedHeaders=host
B07DWDTCF6,The Painting,https://m.media-amazon.com/images/I/61B7JdYhqrL._AC_UL320_.jpg,4.5,5,5,,false,25,https://www.amazon.com/s?k=painting&ref=nb_sb_noss_2,https://scrapezone-raw-htmls.s3.amazonaws.com/9fc6dbe3-03fd-402c-984c-817fa55f0320-5f935f0ef53aaba35fbed42a.html?X-Amz-Algorithm=AWS4-HMAC-SHA256&X-Amz-Credential=AKIASK4CGCNC3YT6CW63%2F20201023%2Fus-east-1%2Fs3%2Faws4_request&X-Amz-Date=20201023T225431Z&X-Amz-Expires=604800&X-Amz-Signature=def8480217a449c0060f8a01fcec9cb1253b63678bd05df2ed8400d6e5738c33&X-Amz-SignedHeaders=host
B07VSNS93R,MEEDEN 148-Piece Deluxe Artist Painting Set with Aluminum and Solid Beech Wood Easel Paint Stretched Canvas and Accessories Great Gift for Artists Beginner &amp; Adults$119.95$119.95,https://m.media-amazon.com/images/I/81If4EuW5HL._AC_UL320_.jpg,4.6,5,404,119.95,false,26,https://www.amazon.com/s?k=painting&ref=nb_sb_noss_2,https://scrapezone-raw-htmls.s3.amazonaws.com/9fc6dbe3-03fd-402c-984c-817fa55f0320-5f935f0ef53aaba35fbed42a.html?X-Amz-Algorithm=AWS4-HMAC-SHA256&X-Amz-Credential=AKIASK4CGCNC3YT6CW63%2F20201023%2Fus-east-1%2Fs3%2Faws4_request&X-Amz-Date=20201023T225431Z&X-Amz-Expires=604800&X-Amz-Signature=def8480217a449c0060f8a01fcec9cb1253b63678bd05df2ed8400d6e5738c33&X-Amz-SignedHeaders=host
1581800533,Fill Your Oil Paintings with Light &amp; Color$19.99$19.99$22.99$22.99,https://m.media-amazon.com/images/I/715qm8gEv9L._AC_UL320_.jpg,4.5,5,330,19.99,false,27,https://www.amazon.com/s?k=painting&ref=nb_sb_noss_2,https://scrapezone-raw-htmls.s3.amazonaws.com/9fc6dbe3-03fd-402c-984c-817fa55f0320-5f935f0ef53aaba35fbed42a.html?X-Amz-Algorithm=AWS4-HMAC-SHA256&X-Amz-Credential=AKIASK4CGCNC3YT6CW63%2F20201023%2Fus-east-1%2Fs3%2Faws4_request&X-Amz-Date=20201023T225431Z&X-Amz-Expires=604800&X-Amz-Signature=def8480217a449c0060f8a01fcec9cb1253b63678bd05df2ed8400d6e5738c33&X-Amz-SignedHeaders=host
B004SQR4LU,Concept 102L Cordless Remote Control LED Picture Light- 11 1/2 inch Antique Brass With Silver Undertones$73.95$73.95($105.64/kg)$79.99$79.99,https://m.media-amazon.com/images/I/41qlHgKhlBL._AC_UL320_.jpg,4.4,5,274,73.95,false,28,https://www.amazon.com/s?k=painting&ref=nb_sb_noss_2,https://scrapezone-raw-htmls.s3.amazonaws.com/9fc6dbe3-03fd-402c-984c-817fa55f0320-5f935f0ef53aaba35fbed42a.html?X-Amz-Algorithm=AWS4-HMAC-SHA256&X-Amz-Credential=AKIASK4CGCNC3YT6CW63%2F20201023%2Fus-east-1%2Fs3%2Faws4_request&X-Amz-Date=20201023T225431Z&X-Amz-Expires=604800&X-Amz-Signature=def8480217a449c0060f8a01fcec9cb1253b63678bd05df2ed8400d6e5738c33&X-Amz-SignedHeaders=host
B07FNKCJH5,Muzagroo Art Landscape Oil Paintings Original Art Tree Pictures for Living Room Wall Canvas Paintings(Yellow 20x24in)$35.90$35.90,https://m.media-amazon.com/images/I/81yk0FDN6TL._AC_UL320_.jpg,4.2,5,20,35.9,true,29,https://www.amazon.com/s?k=painting&ref=nb_sb_noss_2,https://scrapezone-raw-htmls.s3.amazonaws.com/9fc6dbe3-03fd-402c-984c-817fa55f0320-5f935f0ef53aaba35fbed42a.html?X-Amz-Algorithm=AWS4-HMAC-SHA256&X-Amz-Credential=AKIASK4CGCNC3YT6CW63%2F20201023%2Fus-east-1%2Fs3%2Faws4_request&X-Amz-Date=20201023T225431Z&X-Amz-Expires=604800&X-Amz-Signature=def8480217a449c0060f8a01fcec9cb1253b63678bd05df2ed8400d6e5738c33&X-Amz-SignedHeaders=host
B08DR1DVJT,Halloween Pumpkin Carving Kit 11 Pieces Professional Pumpkin Cutting Supplies Tools with 12 Pumpkin LED Candles Stainless Steel Jack-O-Lanter Carving Knife Set for Halloween Decoration$18.99$18.99,https://m.media-amazon.com/images/I/71U9+w01k3L._AC_UL320_.jpg,4.8,5,49,18.99,true,30,https://www.amazon.com/s?k=painting&ref=nb_sb_noss_2,https://scrapezone-raw-htmls.s3.amazonaws.com/9fc6dbe3-03fd-402c-984c-817fa55f0320-5f935f0ef53aaba35fbed42a.html?X-Amz-Algorithm=AWS4-HMAC-SHA256&X-Amz-Credential=AKIASK4CGCNC3YT6CW63%2F20201023%2Fus-east-1%2Fs3%2Faws4_request&X-Amz-Date=20201023T225431Z&X-Amz-Expires=604800&X-Amz-Signature=def8480217a449c0060f8a01fcec9cb1253b63678bd05df2ed8400d6e5738c33&X-Amz-SignedHeaders=host
B00DA6WNHO,The Painting,https://m.media-amazon.com/images/I/91vn5noJjML._AC_UL320_.jpg,4.3,5,98,,false,31,https://www.amazon.com/s?k=painting&ref=nb_sb_noss_2,https://scrapezone-raw-htmls.s3.amazonaws.com/9fc6dbe3-03fd-402c-984c-817fa55f0320-5f935f0ef53aaba35fbed42a.html?X-Amz-Algorithm=AWS4-HMAC-SHA256&X-Amz-Credential=AKIASK4CGCNC3YT6CW63%2F20201023%2Fus-east-1%2Fs3%2Faws4_request&X-Amz-Date=20201023T225431Z&X-Amz-Expires=604800&X-Amz-Signature=def8480217a449c0060f8a01fcec9cb1253b63678bd05df2ed8400d6e5738c33&X-Amz-SignedHeaders=host
B07TB5RRT8,Acrylic Paint Marker Pens Waterproof Paint Pens for Rocks Painting Ceramic Glass Wood Fabric Canvas Mugs DIY Craft Making Supplies Scrapbooking Craft Card Making (12 colors)$11.98$11.98,https://m.media-amazon.com/images/I/71UkgfFMpsL._AC_UL320_.jpg,4.6,5,1618,11.98,false,32,https://www.amazon.com/s?k=painting&ref=nb_sb_noss_2,https://scrapezone-raw-htmls.s3.amazonaws.com/9fc6dbe3-03fd-402c-984c-817fa55f0320-5f935f0ef53aaba35fbed42a.html?X-Amz-Algorithm=AWS4-HMAC-SHA256&X-Amz-Credential=AKIASK4CGCNC3YT6CW63%2F20201023%2Fus-east-1%2Fs3%2Faws4_request&X-Amz-Date=20201023T225431Z&X-Amz-Expires=604800&X-Amz-Signature=def8480217a449c0060f8a01fcec9cb1253b63678bd05df2ed8400d6e5738c33&X-Amz-SignedHeaders=host
B071FK9TFC,Creativity for Kids Hide &amp; Seek Rock Painting Kit - Arts &amp; Crafts For Kids - Includes Rocks &amp; Waterproof Paint$12.37$12.37$13.99$13.99,https://m.media-amazon.com/images/I/818+S2MyyQL._AC_UL320_.jpg,4.6,5,8819,12.37,false,33,https://www.amazon.com/s?k=painting&ref=nb_sb_noss_2,https://scrapezone-raw-htmls.s3.amazonaws.com/9fc6dbe3-03fd-402c-984c-817fa55f0320-5f935f0ef53aaba35fbed42a.html?X-Amz-Algorithm=AWS4-HMAC-SHA256&X-Amz-Credential=AKIASK4CGCNC3YT6CW63%2F20201023%2Fus-east-1%2Fs3%2Faws4_request&X-Amz-Date=20201023T225431Z&X-Amz-Expires=604800&X-Amz-Signature=def8480217a449c0060f8a01fcec9cb1253b63678bd05df2ed8400d6e5738c33&X-Amz-SignedHeaders=host
B07GH7WGC3,BOSOBO Paint Brushes Set 2 Pack 20 Pcs Round Pointed Tip Paintbrushes Nylon Hair Artist Acrylic Paint Brushes for Acrylic Oil Watercolor Face Nail Art Miniature Detailing &amp; Rock Painting Blue$6.99$6.99$12.99$12.99,https://m.media-amazon.com/images/I/71bZibMsfcL._AC_UL320_.jpg,4.7,5,9020,6.99,false,34,https://www.amazon.com/s?k=painting&ref=nb_sb_noss_2,https://scrapezone-raw-htmls.s3.amazonaws.com/9fc6dbe3-03fd-402c-984c-817fa55f0320-5f935f0ef53aaba35fbed42a.html?X-Amz-Algorithm=AWS4-HMAC-SHA256&X-Amz-Credential=AKIASK4CGCNC3YT6CW63%2F20201023%2Fus-east-1%2Fs3%2Faws4_request&X-Amz-Date=20201023T225431Z&X-Amz-Expires=604800&X-Amz-Signature=def8480217a449c0060f8a01fcec9cb1253b63678bd05df2ed8400d6e5738c33&X-Amz-SignedHeaders=host
B07C1LR2XG,Outuxed 127pcs 5D DIY Diamond Painting Accessories Diamond Painting Tools Cross Stitch Tool Set with 28 Slots Diamond Embroidery Box and Stickers for Art Craft$8.59$8.59,https://m.media-amazon.com/images/I/71wZozrqq-L._AC_UL320_.jpg,4.7,5,1867,8.59,false,35,https://www.amazon.com/s?k=painting&ref=nb_sb_noss_2,https://scrapezone-raw-htmls.s3.amazonaws.com/9fc6dbe3-03fd-402c-984c-817fa55f0320-5f935f0ef53aaba35fbed42a.html?X-Amz-Algorithm=AWS4-HMAC-SHA256&X-Amz-Credential=AKIASK4CGCNC3YT6CW63%2F20201023%2Fus-east-1%2Fs3%2Faws4_request&X-Amz-Date=20201023T225431Z&X-Amz-Expires=604800&X-Amz-Signature=def8480217a449c0060f8a01fcec9cb1253b63678bd05df2ed8400d6e5738c33&X-Amz-SignedHeaders=host
B01MRTEOHI,Bates Paint Roller - Paint Brush Paint Tray Roller Paint Brush 11 Piece Home Painting Supplies Foam Brush House Painting Tray Painting Tools Roller and Paint Brushes Interior Paint Brushes$14.99$14.99($2.50/count),https://m.media-amazon.com/images/I/81K7z2vE1iL._AC_UL320_.jpg,4.6,5,2285,14.99,false,36,https://www.amazon.com/s?k=painting&ref=nb_sb_noss_2,https://scrapezone-raw-htmls.s3.amazonaws.com/9fc6dbe3-03fd-402c-984c-817fa55f0320-5f935f0ef53aaba35fbed42a.html?X-Amz-Algorithm=AWS4-HMAC-SHA256&X-Amz-Credential=AKIASK4CGCNC3YT6CW63%2F20201023%2Fus-east-1%2Fs3%2Faws4_request&X-Amz-Date=20201023T225431Z&X-Amz-Expires=604800&X-Amz-Signature=def8480217a449c0060f8a01fcec9cb1253b63678bd05df2ed8400d6e5738c33&X-Amz-SignedHeaders=host
B07NHQQ31G,MCS 16x20 Inch Mount Finished Canvases Black Frame 16 x 20 Inch $24.99$24.99,https://m.media-amazon.com/images/I/710v1FqZNML._AC_UL320_.jpg,4.5,5,1060,24.99,false,37,https://www.amazon.com/s?k=painting&ref=nb_sb_noss_2,https://scrapezone-raw-htmls.s3.amazonaws.com/9fc6dbe3-03fd-402c-984c-817fa55f0320-5f935f0ef53aaba35fbed42a.html?X-Amz-Algorithm=AWS4-HMAC-SHA256&X-Amz-Credential=AKIASK4CGCNC3YT6CW63%2F20201023%2Fus-east-1%2Fs3%2Faws4_request&X-Amz-Date=20201023T225431Z&X-Amz-Expires=604800&X-Amz-Signature=def8480217a449c0060f8a01fcec9cb1253b63678bd05df2ed8400d6e5738c33&X-Amz-SignedHeaders=host
B071RX5L8R,Artlicious - Foam Paint Brush Value Pack (One Inch - 25 Pack)$7.99$7.99,https://m.media-amazon.com/images/I/81h8R+Vg2bL._AC_UL320_.jpg,4.5,5,1717,7.99,false,38,https://www.amazon.com/s?k=painting&ref=nb_sb_noss_2,https://scrapezone-raw-htmls.s3.amazonaws.com/9fc6dbe3-03fd-402c-984c-817fa55f0320-5f935f0ef53aaba35fbed42a.html?X-Amz-Algorithm=AWS4-HMAC-SHA256&X-Amz-Credential=AKIASK4CGCNC3YT6CW63%2F20201023%2Fus-east-1%2Fs3%2Faws4_request&X-Amz-Date=20201023T225431Z&X-Amz-Expires=604800&X-Amz-Signature=def8480217a449c0060f8a01fcec9cb1253b63678bd05df2ed8400d6e5738c33&X-Amz-SignedHeaders=host
B07D97CL4B,Face Paint Kit for Kids - 60 Jumbo Stencils 15 Large Water Based Paints 2 Glitters - Halloween Makeup Kit Professional Face Paint Palette Face Paints Safe for Sensitive Skin Face Painting Book$19.99$19.99,https://m.media-amazon.com/images/I/91jiY3s0oLL._AC_UL320_.jpg,4.7,5,2899,19.99,false,39,https://www.amazon.com/s?k=painting&ref=nb_sb_noss_2,https://scrapezone-raw-htmls.s3.amazonaws.com/9fc6dbe3-03fd-402c-984c-817fa55f0320-5f935f0ef53aaba35fbed42a.html?X-Amz-Algorithm=AWS4-HMAC-SHA256&X-Amz-Credential=AKIASK4CGCNC3YT6CW63%2F20201023%2Fus-east-1%2Fs3%2Faws4_request&X-Amz-Date=20201023T225431Z&X-Amz-Expires=604800&X-Amz-Signature=def8480217a449c0060f8a01fcec9cb1253b63678bd05df2ed8400d6e5738c33&X-Amz-SignedHeaders=host
B07NVC76VN,BIGLIGHT Wireless Battery Operated LED Picture Light with Remote 13 Inches Rotatable Light Head with 3 Lighting Modes Dimmable Display Lamp with Timer for Painting Picture Frame Portrait Art Black$26.99$26.99,https://m.media-amazon.com/images/I/51+PuVd94LL._AC_UL320_.jpg,4.3,5,1157,26.99,false,40,https://www.amazon.com/s?k=painting&ref=nb_sb_noss_2,https://scrapezone-raw-htmls.s3.amazonaws.com/9fc6dbe3-03fd-402c-984c-817fa55f0320-5f935f0ef53aaba35fbed42a.html?X-Amz-Algorithm=AWS4-HMAC-SHA256&X-Amz-Credential=AKIASK4CGCNC3YT6CW63%2F20201023%2Fus-east-1%2Fs3%2Faws4_request&X-Amz-Date=20201023T225431Z&X-Amz-Expires=604800&X-Amz-Signature=def8480217a449c0060f8a01fcec9cb1253b63678bd05df2ed8400d6e5738c33&X-Amz-SignedHeaders=host
B07BHK2KMC,Faber-Castell 3D Sand Painting - Textured Sand Art Activity Kit for Kids$13.23$13.23$18.00$18.00,https://m.media-amazon.com/images/I/A1FIJAi5XUL._AC_UL320_.jpg,4.2,5,197,13.23,false,41,https://www.amazon.com/s?k=painting&ref=nb_sb_noss_2,https://scrapezone-raw-htmls.s3.amazonaws.com/9fc6dbe3-03fd-402c-984c-817fa55f0320-5f935f0ef53aaba35fbed42a.html?X-Amz-Algorithm=AWS4-HMAC-SHA256&X-Amz-Credential=AKIASK4CGCNC3YT6CW63%2F20201023%2Fus-east-1%2Fs3%2Faws4_request&X-Amz-Date=20201023T225431Z&X-Amz-Expires=604800&X-Amz-Signature=def8480217a449c0060f8a01fcec9cb1253b63678bd05df2ed8400d6e5738c33&X-Amz-SignedHeaders=host
B07K7F81D4,22 Pieces 5D Diamonds Painting Tools and Accessories Kits with Diamond Painting Roller and Diamond Embroidery Box for Adults or Kids$10.98$10.98$16.99$16.99,https://m.media-amazon.com/images/I/61Yko-CuFfL._AC_UL320_.jpg,4.6,5,7835,10.98,false,42,https://www.amazon.com/s?k=painting&ref=nb_sb_noss_2,https://scrapezone-raw-htmls.s3.amazonaws.com/9fc6dbe3-03fd-402c-984c-817fa55f0320-5f935f0ef53aaba35fbed42a.html?X-Amz-Algorithm=AWS4-HMAC-SHA256&X-Amz-Credential=AKIASK4CGCNC3YT6CW63%2F20201023%2Fus-east-1%2Fs3%2Faws4_request&X-Amz-Date=20201023T225431Z&X-Amz-Expires=604800&X-Amz-Signature=def8480217a449c0060f8a01fcec9cb1253b63678bd05df2ed8400d6e5738c33&X-Amz-SignedHeaders=host
0262515679,Painting (Whitechapel: Documents of Contemporary Art)$18.76$18.76$24.95$24.95,https://m.media-amazon.com/images/I/71-DoRL21SL._AC_UL320_.jpg,4.6,5,31,18.76,false,43,https://www.amazon.com/s?k=painting&ref=nb_sb_noss_2,https://scrapezone-raw-htmls.s3.amazonaws.com/9fc6dbe3-03fd-402c-984c-817fa55f0320-5f935f0ef53aaba35fbed42a.html?X-Amz-Algorithm=AWS4-HMAC-SHA256&X-Amz-Credential=AKIASK4CGCNC3YT6CW63%2F20201023%2Fus-east-1%2Fs3%2Faws4_request&X-Amz-Date=20201023T225431Z&X-Amz-Expires=604800&X-Amz-Signature=def8480217a449c0060f8a01fcec9cb1253b63678bd05df2ed8400d6e5738c33&X-Amz-SignedHeaders=host
B01HQLYMU4,Melissa &amp; Doug Finger Paint Paper Pad (12 x 18 inches) - 50 Sheets 2-Pack$11.99$11.99,https://m.media-amazon.com/images/I/71vJxxJ2m5L._AC_UL320_.jpg,4.7,5,1026,11.99,false,44,https://www.amazon.com/s?k=painting&ref=nb_sb_noss_2,https://scrapezone-raw-htmls.s3.amazonaws.com/9fc6dbe3-03fd-402c-984c-817fa55f0320-5f935f0ef53aaba35fbed42a.html?X-Amz-Algorithm=AWS4-HMAC-SHA256&X-Amz-Credential=AKIASK4CGCNC3YT6CW63%2F20201023%2Fus-east-1%2Fs3%2Faws4_request&X-Amz-Date=20201023T225431Z&X-Amz-Expires=604800&X-Amz-Signature=def8480217a449c0060f8a01fcec9cb1253b63678bd05df2ed8400d6e5738c33&X-Amz-SignedHeaders=host
B00QAPXQ0A,US Art Supply 33 Piece Custom Artist Acrylic Painting Set with Table Easel Paint Canvas and Accessories$39.96$39.96,https://m.media-amazon.com/images/I/81vrCfwikcL._AC_UL320_.jpg,4.7,5,733,39.96,false,45,https://www.amazon.com/s?k=painting&ref=nb_sb_noss_2,https://scrapezone-raw-htmls.s3.amazonaws.com/9fc6dbe3-03fd-402c-984c-817fa55f0320-5f935f0ef53aaba35fbed42a.html?X-Amz-Algorithm=AWS4-HMAC-SHA256&X-Amz-Credential=AKIASK4CGCNC3YT6CW63%2F20201023%2Fus-east-1%2Fs3%2Faws4_request&X-Amz-Date=20201023T225431Z&X-Amz-Expires=604800&X-Amz-Signature=def8480217a449c0060f8a01fcec9cb1253b63678bd05df2ed8400d6e5738c33&X-Amz-SignedHeaders=host
B07PFB9SC9,Rertcioph Diamond Painting Stickers Kits for Kids DIY 5D Hero Diamond Art Mosaic Stickers by Numbers Kits - 9 Pieces$8.98$8.98$15.98$15.98,https://m.media-amazon.com/images/I/71XWQQGSHOL._AC_UL320_.jpg,4.7,5,1589,8.98,false,46,https://www.amazon.com/s?k=painting&ref=nb_sb_noss_2,https://scrapezone-raw-htmls.s3.amazonaws.com/9fc6dbe3-03fd-402c-984c-817fa55f0320-5f935f0ef53aaba35fbed42a.html?X-Amz-Algorithm=AWS4-HMAC-SHA256&X-Amz-Credential=AKIASK4CGCNC3YT6CW63%2F20201023%2Fus-east-1%2Fs3%2Faws4_request&X-Amz-Date=20201023T225431Z&X-Amz-Expires=604800&X-Amz-Signature=def8480217a449c0060f8a01fcec9cb1253b63678bd05df2ed8400d6e5738c33&X-Amz-SignedHeaders=host
B07S95SCYJ,DIY 5D Diamond Painting Kit Round Full Drill Acrylic Embroidery Cross Stitch Arts Craft Canvas Supply for Home Wall Decor Adults and Kids (C),https://m.media-amazon.com/images/I/71HrYuiHIUL._AC_UL320_.jpg,4.6,5,364,29.99,false,47,https://www.amazon.com/s?k=painting&ref=nb_sb_noss_2,https://scrapezone-raw-htmls.s3.amazonaws.com/9fc6dbe3-03fd-402c-984c-817fa55f0320-5f935f0ef53aaba35fbed42a.html?X-Amz-Algorithm=AWS4-HMAC-SHA256&X-Amz-Credential=AKIASK4CGCNC3YT6CW63%2F20201023%2Fus-east-1%2Fs3%2Faws4_request&X-Amz-Date=20201023T225431Z&X-Amz-Expires=604800&X-Amz-Signature=def8480217a449c0060f8a01fcec9cb1253b63678bd05df2ed8400d6e5738c33&X-Amz-SignedHeaders=host
B002EAYE9C,Painting the Clouds with Sunshine$11.38$11.38$12.99$12.99,https://m.media-amazon.com/images/I/51BX+phXDOL._AC_UL320_.jpg,4.1,5,23,11.38,false,48,https://www.amazon.com/s?k=painting&ref=nb_sb_noss_2,https://scrapezone-raw-htmls.s3.amazonaws.com/9fc6dbe3-03fd-402c-984c-817fa55f0320-5f935f0ef53aaba35fbed42a.html?X-Amz-Algorithm=AWS4-HMAC-SHA256&X-Amz-Credential=AKIASK4CGCNC3YT6CW63%2F20201023%2Fus-east-1%2Fs3%2Faws4_request&X-Amz-Date=20201023T225431Z&X-Amz-Expires=604800&X-Amz-Signature=def8480217a449c0060f8a01fcec9cb1253b63678bd05df2ed8400d6e5738c33&X-Amz-SignedHeaders=host
B07ML4LQ7P,LF Inc. 20 Lb. Premium Large Mexican Beach Pebbles 3-5 inches Decor Garden Landscape$29.99$29.99,https://m.media-amazon.com/images/I/61R95e+199L._AC_UL320_.jpg,4.4,5,60,29.99,false,49,https://www.amazon.com/s?k=painting&ref=nb_sb_noss_2,https://scrapezone-raw-htmls.s3.amazonaws.com/9fc6dbe3-03fd-402c-984c-817fa55f0320-5f935f0ef53aaba35fbed42a.html?X-Amz-Algorithm=AWS4-HMAC-SHA256&X-Amz-Credential=AKIASK4CGCNC3YT6CW63%2F20201023%2Fus-east-1%2Fs3%2Faws4_request&X-Amz-Date=20201023T225431Z&X-Amz-Expires=604800&X-Amz-Signature=def8480217a449c0060f8a01fcec9cb1253b63678bd05df2ed8400d6e5738c33&X-Amz-SignedHeaders=host
B07Q6HZ31K,5D DIY Diamond Painting Kits for Adults Full Drill Crystal Rhinestone Embroidery Cross Stitch Arts Craft Canvas Wall Decor Dandelions$8.99$8.99$9.99$9.99,https://m.media-amazon.com/images/I/71owIR4IC0L._AC_UL320_.jpg,4.5,5,1710,8.99,false,50,https://www.amazon.com/s?k=painting&ref=nb_sb_noss_2,https://scrapezone-raw-htmls.s3.amazonaws.com/9fc6dbe3-03fd-402c-984c-817fa55f0320-5f935f0ef53aaba35fbed42a.html?X-Amz-Algorithm=AWS4-HMAC-SHA256&X-Amz-Credential=AKIASK4CGCNC3YT6CW63%2F20201023%2Fus-east-1%2Fs3%2Faws4_request&X-Amz-Date=20201023T225431Z&X-Amz-Expires=604800&X-Amz-Signature=def8480217a449c0060f8a01fcec9cb1253b63678bd05df2ed8400d6e5738c33&X-Amz-SignedHeaders=host
B07H7JG1GQ,Diamond Painting Kits for Adults DIY 5D Round Full Drill Art Perfect for Relaxation and Home Wall Decor(Stitch 12x16inch)$13.90$13.90$19.99$19.99,https://m.media-amazon.com/images/I/71FXCSpRFrL._AC_UL320_.jpg,4.7,5,2163,13.9,false,51,https://www.amazon.com/s?k=painting&ref=nb_sb_noss_2,https://scrapezone-raw-htmls.s3.amazonaws.com/9fc6dbe3-03fd-402c-984c-817fa55f0320-5f935f0ef53aaba35fbed42a.html?X-Amz-Algorithm=AWS4-HMAC-SHA256&X-Amz-Credential=AKIASK4CGCNC3YT6CW63%2F20201023%2Fus-east-1%2Fs3%2Faws4_request&X-Amz-Date=20201023T225431Z&X-Amz-Expires=604800&X-Amz-Signature=def8480217a449c0060f8a01fcec9cb1253b63678bd05df2ed8400d6e5738c33&X-Amz-SignedHeaders=host
B07L5758YC,Abstract Mountain in Daytime Canvas Prints Wall Art Paintings Abstract Geometry Wall Artworks Pictures for Living Room Bedroom Decoration 12x16 inch/piece 3 Panels Home bathroom Wall decor posters$26.99$26.99,https://m.media-amazon.com/images/I/61NT-Q+NO5L._AC_UL320_.jpg,4.4,5,1138,26.99,false,52,https://www.amazon.com/s?k=painting&ref=nb_sb_noss_2,https://scrapezone-raw-htmls.s3.amazonaws.com/9fc6dbe3-03fd-402c-984c-817fa55f0320-5f935f0ef53aaba35fbed42a.html?X-Amz-Algorithm=AWS4-HMAC-SHA256&X-Amz-Credential=AKIASK4CGCNC3YT6CW63%2F20201023%2Fus-east-1%2Fs3%2Faws4_request&X-Amz-Date=20201023T225431Z&X-Amz-Expires=604800&X-Amz-Signature=def8480217a449c0060f8a01fcec9cb1253b63678bd05df2ed8400d6e5738c33&X-Amz-SignedHeaders=host
B07P5YDBZR,ARTDOT Diamond Painting Storage Containers Portable Bead Storage Container 64 Gird Diamond Painting Accessories (Storage Box)$10.99$10.99$17.99$17.99,https://m.media-amazon.com/images/I/71JO+Hl4MAL._AC_UL320_.jpg,4.6,5,3794,10.99,false,53,https://www.amazon.com/s?k=painting&ref=nb_sb_noss_2,https://scrapezone-raw-htmls.s3.amazonaws.com/9fc6dbe3-03fd-402c-984c-817fa55f0320-5f935f0ef53aaba35fbed42a.html?X-Amz-Algorithm=AWS4-HMAC-SHA256&X-Amz-Credential=AKIASK4CGCNC3YT6CW63%2F20201023%2Fus-east-1%2Fs3%2Faws4_request&X-Amz-Date=20201023T225431Z&X-Amz-Expires=604800&X-Amz-Signature=def8480217a449c0060f8a01fcec9cb1253b63678bd05df2ed8400d6e5738c33&X-Amz-SignedHeaders=host
B07YDDF26Y,Acrylic Paint Brushes Set 20Pcs Artist Paintbrushes Paint Brushes for Acrylic Oil Watercolor Canvas Body Face Halloween Pumpkin Rock Painting Kit Fine Miniature Adults/Kids Arts Crafts Supplies$5.99$5.99,https://m.media-amazon.com/images/I/81TKwbjCU4L._AC_UL320_.jpg,4.7,5,6619,5.99,false,54,https://www.amazon.com/s?k=painting&ref=nb_sb_noss_2,https://scrapezone-raw-htmls.s3.amazonaws.com/9fc6dbe3-03fd-402c-984c-817fa55f0320-5f935f0ef53aaba35fbed42a.html?X-Amz-Algorithm=AWS4-HMAC-SHA256&X-Amz-Credential=AKIASK4CGCNC3YT6CW63%2F20201023%2Fus-east-1%2Fs3%2Faws4_request&X-Amz-Date=20201023T225431Z&X-Amz-Expires=604800&X-Amz-Signature=def8480217a449c0060f8a01fcec9cb1253b63678bd05df2ed8400d6e5738c33&X-Amz-SignedHeaders=host
B089N78ZQN,Laoife Winter Cover Forest and Snow Landscape Picture Artwork Prints Wall Art on Canvas Oil Painting for Living Room Bedroom and Office 32x24 Inches$39.99$39.99,https://m.media-amazon.com/images/I/81hBqv2cRnL._AC_UL320_.jpg,,5,,39.99,true,55,https://www.amazon.com/s?k=painting&ref=nb_sb_noss_2,https://scrapezone-raw-htmls.s3.amazonaws.com/9fc6dbe3-03fd-402c-984c-817fa55f0320-5f935f0ef53aaba35fbed42a.html?X-Amz-Algorithm=AWS4-HMAC-SHA256&X-Amz-Credential=AKIASK4CGCNC3YT6CW63%2F20201023%2Fus-east-1%2Fs3%2Faws4_request&X-Amz-Date=20201023T225431Z&X-Amz-Expires=604800&X-Amz-Signature=def8480217a449c0060f8a01fcec9cb1253b63678bd05df2ed8400d6e5738c33&X-Amz-SignedHeaders=host
B08FXSHVW8,"Senew Abstract Canvas Print Wall Art for Bedroom Living Room Framed Canvas Wall Art for Wall Decor Home Decor 18"" X 12"" Design 23$26.99$26.99",https://m.media-amazon.com/images/I/7113cQcpVbL._AC_UL320_.jpg,4.8,5,25,26.99,true,56,https://www.amazon.com/s?k=painting&ref=nb_sb_noss_2,https://scrapezone-raw-htmls.s3.amazonaws.com/9fc6dbe3-03fd-402c-984c-817fa55f0320-5f935f0ef53aaba35fbed42a.html?X-Amz-Algorithm=AWS4-HMAC-SHA256&X-Amz-Credential=AKIASK4CGCNC3YT6CW63%2F20201023%2Fus-east-1%2Fs3%2Faws4_request&X-Amz-Date=20201023T225431Z&X-Amz-Expires=604800&X-Amz-Signature=def8480217a449c0060f8a01fcec9cb1253b63678bd05df2ed8400d6e5738c33&X-Amz-SignedHeaders=host
B07YDCL49R,Kidwill Acrylic Paint Marker Set 28 Colors Water Based Paint Pen Permanent Vibrant Drawing Pen Quick Dry Non Toxic 0.7mm Extra-Fine Tip for Rocks Ceramic Glass Wood Fabric Canvas Card Making$19.99$19.99,https://m.media-amazon.com/images/I/81TZwbIjr6L._AC_UL320_.jpg,4.4,5,253,19.99,true,57,https://www.amazon.com/s?k=painting&ref=nb_sb_noss_2,https://scrapezone-raw-htmls.s3.amazonaws.com/9fc6dbe3-03fd-402c-984c-817fa55f0320-5f935f0ef53aaba35fbed42a.html?X-Amz-Algorithm=AWS4-HMAC-SHA256&X-Amz-Credential=AKIASK4CGCNC3YT6CW63%2F20201023%2Fus-east-1%2Fs3%2Faws4_request&X-Amz-Date=20201023T225431Z&X-Amz-Expires=604800&X-Amz-Signature=def8480217a449c0060f8a01fcec9cb1253b63678bd05df2ed8400d6e5738c33&X-Amz-SignedHeaders=host
B08CRC94W1,Madisi Painting Canvas Panels 36 Pack 9X12 Classroom Value Pack Paint Canvas$34.99$34.99,https://m.media-amazon.com/images/I/61d-+BKbU3L._AC_UL320_.jpg,,5,,34.99,true,58,https://www.amazon.com/s?k=painting&ref=nb_sb_noss_2,https://scrapezone-raw-htmls.s3.amazonaws.com/9fc6dbe3-03fd-402c-984c-817fa55f0320-5f935f0ef53aaba35fbed42a.html?X-Amz-Algorithm=AWS4-HMAC-SHA256&X-Amz-Credential=AKIASK4CGCNC3YT6CW63%2F20201023%2Fus-east-1%2Fs3%2Faws4_request&X-Amz-Date=20201023T225431Z&X-Amz-Expires=604800&X-Amz-Signature=def8480217a449c0060f8a01fcec9cb1253b63678bd05df2ed8400d6e5738c33&X-Amz-SignedHeaders=host
B08G4FQFHX,DIY 5D Full Drill Diamond Painting Beach Sunset Lighthouse Coconut Palm Tree Paint by Numbers Kits for Adults Gem Art Room Decor 16 x 12 inches$7.99$7.99,https://m.media-amazon.com/images/I/61OYervOj-L._AC_UL320_.jpg,,5,,7.99,true,59,https://www.amazon.com/s?k=painting&ref=nb_sb_noss_2,https://scrapezone-raw-htmls.s3.amazonaws.com/9fc6dbe3-03fd-402c-984c-817fa55f0320-5f935f0ef53aaba35fbed42a.html?X-Amz-Algorithm=AWS4-HMAC-SHA256&X-Amz-Credential=AKIASK4CGCNC3YT6CW63%2F20201023%2Fus-east-1%2Fs3%2Faws4_request&X-Amz-Date=20201023T225431Z&X-Amz-Expires=604800&X-Amz-Signature=def8480217a449c0060f8a01fcec9cb1253b63678bd05df2ed8400d6e5738c33&X-Amz-SignedHeaders=host
B08G478DGS,DIY 5D Full Drill Diamond Painting Kits for Adults Beach Sunset Road Plank Pavilion Sea Gull Paint by Numbers Tools Gem Art Wall Decor 16 x 12 inches$7.99$7.99,https://m.media-amazon.com/images/I/6150a62UbPL._AC_UL320_.jpg,,5,,7.99,true,60,https://www.amazon.com/s?k=painting&ref=nb_sb_noss_2,https://scrapezone-raw-htmls.s3.amazonaws.com/9fc6dbe3-03fd-402c-984c-817fa55f0320-5f935f0ef53aaba35fbed42a.html?X-Amz-Algorithm=AWS4-HMAC-SHA256&X-Amz-Credential=AKIASK4CGCNC3YT6CW63%2F20201023%2Fus-east-1%2Fs3%2Faws4_request&X-Amz-Date=20201023T225431Z&X-Amz-Expires=604800&X-Amz-Signature=def8480217a449c0060f8a01fcec9cb1253b63678bd05df2ed8400d6e5738c33&X-Amz-SignedHeaders=host
B075F68BFV,Educated: A Memoir$0.00$0.00$28.00$28.00,https://m.media-amazon.com/images/I/71oKNiuY8HL._AC_UL320_.jpg,4.7,5,31995,0,false,1,https://www.amazon.com/s?k=education&ref=nb_sb_noss_2,https://scrapezone-raw-htmls.s3.amazonaws.com/af8691d4-1259-449b-9291-0e355947af26-5f935f0ef53aaba35fbed42a.html?X-Amz-Algorithm=AWS4-HMAC-SHA256&X-Amz-Credential=AKIASK4CGCNC3YT6CW63%2F20201023%2Fus-east-1%2Fs3%2Faws4_request&X-Amz-Date=20201023T225432Z&X-Amz-Expires=604800&X-Amz-Signature=8a06542b322ffc0131def389bc8402e80a97840fd422c7e66b924e03edc98a4f&X-Amz-SignedHeaders=host
B0032W5H9C,An Education,https://m.media-amazon.com/images/I/71JtQjSQ2gL._AC_UL320_.jpg,4.3,5,480,,false,2,https://www.amazon.com/s?k=education&ref=nb_sb_noss_2,https://scrapezone-raw-htmls.s3.amazonaws.com/af8691d4-1259-449b-9291-0e355947af26-5f935f0ef53aaba35fbed42a.html?X-Amz-Algorithm=AWS4-HMAC-SHA256&X-Amz-Credential=AKIASK4CGCNC3YT6CW63%2F20201023%2Fus-east-1%2Fs3%2Faws4_request&X-Amz-Date=20201023T225432Z&X-Amz-Expires=604800&X-Amz-Signature=8a06542b322ffc0131def389bc8402e80a97840fd422c7e66b924e03edc98a4f&X-Amz-SignedHeaders=host
B07V25W3K5,Edx Education Math Cubes - Set of 100 - Linking Cubes For Early Math - Connecting Manipulative For Preschoolers Aged 3+ and Elementary Aged Kids$12.99$12.99,https://m.media-amazon.com/images/I/71IwEc4WXAL._AC_UL320_.jpg,4.9,5,3269,12.99,false,3,https://www.amazon.com/s?k=education&ref=nb_sb_noss_2,https://scrapezone-raw-htmls.s3.amazonaws.com/af8691d4-1259-449b-9291-0e355947af26-5f935f0ef53aaba35fbed42a.html?X-Amz-Algorithm=AWS4-HMAC-SHA256&X-Amz-Credential=AKIASK4CGCNC3YT6CW63%2F20201023%2Fus-east-1%2Fs3%2Faws4_request&X-Amz-Date=20201023T225432Z&X-Amz-Expires=604800&X-Amz-Signature=8a06542b322ffc0131def389bc8402e80a97840fd422c7e66b924e03edc98a4f&X-Amz-SignedHeaders=host
B08F784JVF,The Education Of Little Tree,https://m.media-amazon.com/images/I/81f+hbpI42L._AC_UL320_.jpg,4.6,5,339,,false,4,https://www.amazon.com/s?k=education&ref=nb_sb_noss_2,https://scrapezone-raw-htmls.s3.amazonaws.com/af8691d4-1259-449b-9291-0e355947af26-5f935f0ef53aaba35fbed42a.html?X-Amz-Algorithm=AWS4-HMAC-SHA256&X-Amz-Credential=AKIASK4CGCNC3YT6CW63%2F20201023%2Fus-east-1%2Fs3%2Faws4_request&X-Amz-Date=20201023T225432Z&X-Amz-Expires=604800&X-Amz-Signature=8a06542b322ffc0131def389bc8402e80a97840fd422c7e66b924e03edc98a4f&X-Amz-SignedHeaders=host
B07DF896Z1,Learning Shapes and Colours in Creative Lesson - Education Video for ChildrenFrom $0.99$0.99 to buy episode,https://m.media-amazon.com/images/I/81p1nOeIZhL._AC_UL320_.jpg,,5,,0.99,false,5,https://www.amazon.com/s?k=education&ref=nb_sb_noss_2,https://scrapezone-raw-htmls.s3.amazonaws.com/af8691d4-1259-449b-9291-0e355947af26-5f935f0ef53aaba35fbed42a.html?X-Amz-Algorithm=AWS4-HMAC-SHA256&X-Amz-Credential=AKIASK4CGCNC3YT6CW63%2F20201023%2Fus-east-1%2Fs3%2Faws4_request&X-Amz-Date=20201023T225432Z&X-Amz-Expires=604800&X-Amz-Signature=8a06542b322ffc0131def389bc8402e80a97840fd422c7e66b924e03edc98a4f&X-Amz-SignedHeaders=host
B079395S6X,Stolen EducationFrom $1.99$1.99 to rentFrom $7.99 to buy,https://m.media-amazon.com/images/I/71qEaJK27pL._AC_UL320_.jpg,5,5,16,1.99,false,6,https://www.amazon.com/s?k=education&ref=nb_sb_noss_2,https://scrapezone-raw-htmls.s3.amazonaws.com/af8691d4-1259-449b-9291-0e355947af26-5f935f0ef53aaba35fbed42a.html?X-Amz-Algorithm=AWS4-HMAC-SHA256&X-Amz-Credential=AKIASK4CGCNC3YT6CW63%2F20201023%2Fus-east-1%2Fs3%2Faws4_request&X-Amz-Date=20201023T225432Z&X-Amz-Expires=604800&X-Amz-Signature=8a06542b322ffc0131def389bc8402e80a97840fd422c7e66b924e03edc98a4f&X-Amz-SignedHeaders=host
1119762936,Teaching in the Online Classroom: Surviving and Thriving in the New Normal$18.95$18.95$19.95$19.95,https://m.media-amazon.com/images/I/81hng7uiIgL._AC_UL320_.jpg,4.8,5,6,18.95,false,7,https://www.amazon.com/s?k=education&ref=nb_sb_noss_2,https://scrapezone-raw-htmls.s3.amazonaws.com/af8691d4-1259-449b-9291-0e355947af26-5f935f0ef53aaba35fbed42a.html?X-Amz-Algorithm=AWS4-HMAC-SHA256&X-Amz-Credential=AKIASK4CGCNC3YT6CW63%2F20201023%2Fus-east-1%2Fs3%2Faws4_request&X-Amz-Date=20201023T225432Z&X-Amz-Expires=604800&X-Amz-Signature=8a06542b322ffc0131def389bc8402e80a97840fd422c7e66b924e03edc98a4f&X-Amz-SignedHeaders=host
B00SR32K2S,WordWorld Season 1From $1.99$1.99 to buy episodeFrom $6.99 to buy season,https://m.media-amazon.com/images/I/61w1cl4VoxL._AC_UL320_.jpg,4.7,5,199,1.99,false,8,https://www.amazon.com/s?k=education&ref=nb_sb_noss_2,https://scrapezone-raw-htmls.s3.amazonaws.com/af8691d4-1259-449b-9291-0e355947af26-5f935f0ef53aaba35fbed42a.html?X-Amz-Algorithm=AWS4-HMAC-SHA256&X-Amz-Credential=AKIASK4CGCNC3YT6CW63%2F20201023%2Fus-east-1%2Fs3%2Faws4_request&X-Amz-Date=20201023T225432Z&X-Amz-Expires=604800&X-Amz-Signature=8a06542b322ffc0131def389bc8402e80a97840fd422c7e66b924e03edc98a4f&X-Amz-SignedHeaders=host
0113316070,ITIL Foundation ITIL$60.90$60.90$65.00$65.00,https://m.media-amazon.com/images/I/71LwYTxhYAL._AC_UL320_.jpg,4.6,5,328,60.9,false,9,https://www.amazon.com/s?k=education&ref=nb_sb_noss_2,https://scrapezone-raw-htmls.s3.amazonaws.com/af8691d4-1259-449b-9291-0e355947af26-5f935f0ef53aaba35fbed42a.html?X-Amz-Algorithm=AWS4-HMAC-SHA256&X-Amz-Credential=AKIASK4CGCNC3YT6CW63%2F20201023%2Fus-east-1%2Fs3%2Faws4_request&X-Amz-Date=20201023T225432Z&X-Amz-Expires=604800&X-Amz-Signature=8a06542b322ffc0131def389bc8402e80a97840fd422c7e66b924e03edc98a4f&X-Amz-SignedHeaders=host
B07S6XWLJC,Edx Education Step-A-Trail - 6 Piece Obstacle Course For Kids - Indoor and Outdoor - Build Coordination and Confidence - Physical and Imaginative Play$59.99$59.99,https://m.media-amazon.com/images/I/61nPnpw8JcL._AC_UL320_.jpg,4.9,5,375,59.99,false,10,https://www.amazon.com/s?k=education&ref=nb_sb_noss_2,https://scrapezone-raw-htmls.s3.amazonaws.com/af8691d4-1259-449b-9291-0e355947af26-5f935f0ef53aaba35fbed42a.html?X-Amz-Algorithm=AWS4-HMAC-SHA256&X-Amz-Credential=AKIASK4CGCNC3YT6CW63%2F20201023%2Fus-east-1%2Fs3%2Faws4_request&X-Amz-Date=20201023T225432Z&X-Amz-Expires=604800&X-Amz-Signature=8a06542b322ffc0131def389bc8402e80a97840fd422c7e66b924e03edc98a4f&X-Amz-SignedHeaders=host
0135177375,Effective Practices in Early Childhood Education: Building a Foundation$88.98$88.98$93.32$93.32,https://m.media-amazon.com/images/I/51QwsjzQKjL._AC_UL320_.jpg,4.8,5,44,88.98,false,11,https://www.amazon.com/s?k=education&ref=nb_sb_noss_2,https://scrapezone-raw-htmls.s3.amazonaws.com/af8691d4-1259-449b-9291-0e355947af26-5f935f0ef53aaba35fbed42a.html?X-Amz-Algorithm=AWS4-HMAC-SHA256&X-Amz-Credential=AKIASK4CGCNC3YT6CW63%2F20201023%2Fus-east-1%2Fs3%2Faws4_request&X-Amz-Date=20201023T225432Z&X-Amz-Expires=604800&X-Amz-Signature=8a06542b322ffc0131def389bc8402e80a97840fd422c7e66b924e03edc98a4f&X-Amz-SignedHeaders=host
B01539KPT8,Edx Education Four Color Plastic Base Ten Set - in Home Learning Manipulative for Early Math - Set of 121 - Teach Kids Number Concepts Place Value and Volume$24.99$24.99$34.29$34.29,https://m.media-amazon.com/images/I/81Cwun2n6uL._AC_UL320_.jpg,4.9,5,759,24.99,false,12,https://www.amazon.com/s?k=education&ref=nb_sb_noss_2,https://scrapezone-raw-htmls.s3.amazonaws.com/af8691d4-1259-449b-9291-0e355947af26-5f935f0ef53aaba35fbed42a.html?X-Amz-Algorithm=AWS4-HMAC-SHA256&X-Amz-Credential=AKIASK4CGCNC3YT6CW63%2F20201023%2Fus-east-1%2Fs3%2Faws4_request&X-Amz-Date=20201023T225432Z&X-Amz-Expires=604800&X-Amz-Signature=8a06542b322ffc0131def389bc8402e80a97840fd422c7e66b924e03edc98a4f&X-Amz-SignedHeaders=host
B0897749L5,Google Classroom: How to Benefit from Distance Learning and Setup Your Virtual Classroom$9.99$9.99,https://m.media-amazon.com/images/I/61cSp1DKsKL._AC_UL320_.jpg,4.2,5,40,9.99,true,13,https://www.amazon.com/s?k=education&ref=nb_sb_noss_2,https://scrapezone-raw-htmls.s3.amazonaws.com/af8691d4-1259-449b-9291-0e355947af26-5f935f0ef53aaba35fbed42a.html?X-Amz-Algorithm=AWS4-HMAC-SHA256&X-Amz-Credential=AKIASK4CGCNC3YT6CW63%2F20201023%2Fus-east-1%2Fs3%2Faws4_request&X-Amz-Date=20201023T225432Z&X-Amz-Expires=604800&X-Amz-Signature=8a06542b322ffc0131def389bc8402e80a97840fd422c7e66b924e03edc98a4f&X-Amz-SignedHeaders=host
B087NJMD4X,HWD Seeing and Matching Mathematics Learning Toys Puzzles Wooden Sticks Addition and Subtraction Sight Numbers Games Montessori Preschool Educational Math Toys for Toddlers Kids Boys Girls$14.99$14.99,https://m.media-amazon.com/images/I/71zc5FqnA6L._AC_UL320_.jpg,4.7,5,45,14.99,true,14,https://www.amazon.com/s?k=education&ref=nb_sb_noss_2,https://scrapezone-raw-htmls.s3.amazonaws.com/af8691d4-1259-449b-9291-0e355947af26-5f935f0ef53aaba35fbed42a.html?X-Amz-Algorithm=AWS4-HMAC-SHA256&X-Amz-Credential=AKIASK4CGCNC3YT6CW63%2F20201023%2Fus-east-1%2Fs3%2Faws4_request&X-Amz-Date=20201023T225432Z&X-Amz-Expires=604800&X-Amz-Signature=8a06542b322ffc0131def389bc8402e80a97840fd422c7e66b924e03edc98a4f&X-Amz-SignedHeaders=host
B087NG15XN,Wooden Blocks Construction Building Toys Set Stacking Bricks Board Games Preschool Early Educational Parent-Child Interaction Sorting Toy for Toddlers Kids Children - 30 Pieces$14.99$14.99,https://m.media-amazon.com/images/I/61b30ghUI4L._AC_UL320_.jpg,4.2,5,34,14.99,true,15,https://www.amazon.com/s?k=education&ref=nb_sb_noss_2,https://scrapezone-raw-htmls.s3.amazonaws.com/af8691d4-1259-449b-9291-0e355947af26-5f935f0ef53aaba35fbed42a.html?X-Amz-Algorithm=AWS4-HMAC-SHA256&X-Amz-Credential=AKIASK4CGCNC3YT6CW63%2F20201023%2Fus-east-1%2Fs3%2Faws4_request&X-Amz-Date=20201023T225432Z&X-Amz-Expires=604800&X-Amz-Signature=8a06542b322ffc0131def389bc8402e80a97840fd422c7e66b924e03edc98a4f&X-Amz-SignedHeaders=host
1641770880,The Breakdown of Higher Education: How It Happened the Damage It Does and What Can Be Done$23.49$23.49$25.99$25.99,https://m.media-amazon.com/images/I/61-TNjt0aZL._AC_UL320_.jpg,4.8,5,152,23.49,false,16,https://www.amazon.com/s?k=education&ref=nb_sb_noss_2,https://scrapezone-raw-htmls.s3.amazonaws.com/af8691d4-1259-449b-9291-0e355947af26-5f935f0ef53aaba35fbed42a.html?X-Amz-Algorithm=AWS4-HMAC-SHA256&X-Amz-Credential=AKIASK4CGCNC3YT6CW63%2F20201023%2Fus-east-1%2Fs3%2Faws4_request&X-Amz-Date=20201023T225432Z&X-Amz-Expires=604800&X-Amz-Signature=8a06542b322ffc0131def389bc8402e80a97840fd422c7e66b924e03edc98a4f&X-Amz-SignedHeaders=host
B081W6H76Q,Baby Einstein ClassicsFrom $0.99$0.99 to buy episodeFrom $2.99 to buy season,https://m.media-amazon.com/images/I/61stCtLRr5L._AC_UL320_.jpg,4.8,5,76,0.99,false,17,https://www.amazon.com/s?k=education&ref=nb_sb_noss_2,https://scrapezone-raw-htmls.s3.amazonaws.com/af8691d4-1259-449b-9291-0e355947af26-5f935f0ef53aaba35fbed42a.html?X-Amz-Algorithm=AWS4-HMAC-SHA256&X-Amz-Credential=AKIASK4CGCNC3YT6CW63%2F20201023%2Fus-east-1%2Fs3%2Faws4_request&X-Amz-Date=20201023T225432Z&X-Amz-Expires=604800&X-Amz-Signature=8a06542b322ffc0131def389bc8402e80a97840fd422c7e66b924e03edc98a4f&X-Amz-SignedHeaders=host
1602680132,Key Education Sentence Building for Kids—Sight Word Builder for Early Reading Speech Writing Language Literacy Resource for Kindergarten-2nd Grade$14.50$14.50$15.99$15.99,https://m.media-amazon.com/images/I/81NHjuhmzSL._AC_UL320_.jpg,4.6,5,1371,14.5,false,18,https://www.amazon.com/s?k=education&ref=nb_sb_noss_2,https://scrapezone-raw-htmls.s3.amazonaws.com/af8691d4-1259-449b-9291-0e355947af26-5f935f0ef53aaba35fbed42a.html?X-Amz-Algorithm=AWS4-HMAC-SHA256&X-Amz-Credential=AKIASK4CGCNC3YT6CW63%2F20201023%2Fus-east-1%2Fs3%2Faws4_request&X-Amz-Date=20201023T225432Z&X-Amz-Expires=604800&X-Amz-Signature=8a06542b322ffc0131def389bc8402e80a97840fd422c7e66b924e03edc98a4f&X-Amz-SignedHeaders=host
B087HB16L1,Bad EducationFrom $2.99$2.99 to rentFrom $4.99 to buy,https://m.media-amazon.com/images/I/81sjoQGN6dL._AC_UL320_.jpg,4,5,869,2.99,false,19,https://www.amazon.com/s?k=education&ref=nb_sb_noss_2,https://scrapezone-raw-htmls.s3.amazonaws.com/af8691d4-1259-449b-9291-0e355947af26-5f935f0ef53aaba35fbed42a.html?X-Amz-Algorithm=AWS4-HMAC-SHA256&X-Amz-Credential=AKIASK4CGCNC3YT6CW63%2F20201023%2Fus-east-1%2Fs3%2Faws4_request&X-Amz-Date=20201023T225432Z&X-Amz-Expires=604800&X-Amz-Signature=8a06542b322ffc0131def389bc8402e80a97840fd422c7e66b924e03edc98a4f&X-Amz-SignedHeaders=host
B083RZC8KQ,A Deadly Education: A Novel (The Scholomance Book 1)Book 1 of 2: The Scholomance$13.99$13.99$28.00$28.00,https://m.media-amazon.com/images/I/81p5MecNSbL._AC_UL320_.jpg,4.6,5,1209,13.99,false,20,https://www.amazon.com/s?k=education&ref=nb_sb_noss_2,https://scrapezone-raw-htmls.s3.amazonaws.com/af8691d4-1259-449b-9291-0e355947af26-5f935f0ef53aaba35fbed42a.html?X-Amz-Algorithm=AWS4-HMAC-SHA256&X-Amz-Credential=AKIASK4CGCNC3YT6CW63%2F20201023%2Fus-east-1%2Fs3%2Faws4_request&X-Amz-Date=20201023T225432Z&X-Amz-Expires=604800&X-Amz-Signature=8a06542b322ffc0131def389bc8402e80a97840fd422c7e66b924e03edc98a4f&X-Amz-SignedHeaders=host
1284151581,Essentials of Health Policy and Law (Essential Public Health)Part of: Essential Public Health (20 Books)$80.75$80.75,https://m.media-amazon.com/images/I/91uSnq1s7XL._AC_UL320_.jpg,4.5,5,59,80.75,false,21,https://www.amazon.com/s?k=education&ref=nb_sb_noss_2,https://scrapezone-raw-htmls.s3.amazonaws.com/af8691d4-1259-449b-9291-0e355947af26-5f935f0ef53aaba35fbed42a.html?X-Amz-Algorithm=AWS4-HMAC-SHA256&X-Amz-Credential=AKIASK4CGCNC3YT6CW63%2F20201023%2Fus-east-1%2Fs3%2Faws4_request&X-Amz-Date=20201023T225432Z&X-Amz-Expires=604800&X-Amz-Signature=8a06542b322ffc0131def389bc8402e80a97840fd422c7e66b924e03edc98a4f&X-Amz-SignedHeaders=host
B073HKQVB1,The American Heritage Series$1.99$1.99 to buy episode$15.99 to buy season,https://m.media-amazon.com/images/I/81f2RF0uJWL._AC_UL320_.jpg,3.3,5,93,1.99,false,22,https://www.amazon.com/s?k=education&ref=nb_sb_noss_2,https://scrapezone-raw-htmls.s3.amazonaws.com/af8691d4-1259-449b-9291-0e355947af26-5f935f0ef53aaba35fbed42a.html?X-Amz-Algorithm=AWS4-HMAC-SHA256&X-Amz-Credential=AKIASK4CGCNC3YT6CW63%2F20201023%2Fus-east-1%2Fs3%2Faws4_request&X-Amz-Date=20201023T225432Z&X-Amz-Expires=604800&X-Amz-Signature=8a06542b322ffc0131def389bc8402e80a97840fd422c7e66b924e03edc98a4f&X-Amz-SignedHeaders=host
B01GKHG2B2,EAI Education Magnetic Ten Frame Dry-Erase Paddles: Set of 5$29.95$29.95,https://m.media-amazon.com/images/I/51Ry11r7YrL._AC_UL320_.jpg,4.6,5,20,29.95,false,23,https://www.amazon.com/s?k=education&ref=nb_sb_noss_2,https://scrapezone-raw-htmls.s3.amazonaws.com/af8691d4-1259-449b-9291-0e355947af26-5f935f0ef53aaba35fbed42a.html?X-Amz-Algorithm=AWS4-HMAC-SHA256&X-Amz-Credential=AKIASK4CGCNC3YT6CW63%2F20201023%2Fus-east-1%2Fs3%2Faws4_request&X-Amz-Date=20201023T225432Z&X-Amz-Expires=604800&X-Amz-Signature=8a06542b322ffc0131def389bc8402e80a97840fd422c7e66b924e03edc98a4f&X-Amz-SignedHeaders=host
163530833X,FTCE Professional Education Test Prep Book: Study Guide with Practice Questions for the Florida Teacher Certification Exam$27.99$27.99,https://m.media-amazon.com/images/I/61snr0y-fuL._AC_UL320_.jpg,5,5,2,27.99,false,24,https://www.amazon.com/s?k=education&ref=nb_sb_noss_2,https://scrapezone-raw-htmls.s3.amazonaws.com/af8691d4-1259-449b-9291-0e355947af26-5f935f0ef53aaba35fbed42a.html?X-Amz-Algorithm=AWS4-HMAC-SHA256&X-Amz-Credential=AKIASK4CGCNC3YT6CW63%2F20201023%2Fus-east-1%2Fs3%2Faws4_request&X-Amz-Date=20201023T225432Z&X-Amz-Expires=604800&X-Amz-Signature=8a06542b322ffc0131def389bc8402e80a97840fd422c7e66b924e03edc98a4f&X-Amz-SignedHeaders=host
B00BZAZDQU,Bad EducationFrom $3.99$3.99 to rentFrom $12.99 to buy,https://m.media-amazon.com/images/I/81XFsrpkVhL._AC_UL320_.jpg,4.4,5,320,3.99,false,25,https://www.amazon.com/s?k=education&ref=nb_sb_noss_2,https://scrapezone-raw-htmls.s3.amazonaws.com/af8691d4-1259-449b-9291-0e355947af26-5f935f0ef53aaba35fbed42a.html?X-Amz-Algorithm=AWS4-HMAC-SHA256&X-Amz-Credential=AKIASK4CGCNC3YT6CW63%2F20201023%2Fus-east-1%2Fs3%2Faws4_request&X-Amz-Date=20201023T225432Z&X-Amz-Expires=604800&X-Amz-Signature=8a06542b322ffc0131def389bc8402e80a97840fd422c7e66b924e03edc98a4f&X-Amz-SignedHeaders=host
B07MXPXKHM,Guided Lessons by Education.comFree Download,https://m.media-amazon.com/images/I/61juPv+B8IL._AC_UL320_.png,4.6,5,233,,false,26,https://www.amazon.com/s?k=education&ref=nb_sb_noss_2,https://scrapezone-raw-htmls.s3.amazonaws.com/af8691d4-1259-449b-9291-0e355947af26-5f935f0ef53aaba35fbed42a.html?X-Amz-Algorithm=AWS4-HMAC-SHA256&X-Amz-Credential=AKIASK4CGCNC3YT6CW63%2F20201023%2Fus-east-1%2Fs3%2Faws4_request&X-Amz-Date=20201023T225432Z&X-Amz-Expires=604800&X-Amz-Signature=8a06542b322ffc0131def389bc8402e80a97840fd422c7e66b924e03edc98a4f&X-Amz-SignedHeaders=host
B07F85R9CN,Most Likely to SucceedFrom $3.99$3.99 to rentFrom $7.99 to buy,https://m.media-amazon.com/images/I/714gt7vNuZL._AC_UL320_.jpg,4.4,5,32,3.99,false,27,https://www.amazon.com/s?k=education&ref=nb_sb_noss_2,https://scrapezone-raw-htmls.s3.amazonaws.com/af8691d4-1259-449b-9291-0e355947af26-5f935f0ef53aaba35fbed42a.html?X-Amz-Algorithm=AWS4-HMAC-SHA256&X-Amz-Credential=AKIASK4CGCNC3YT6CW63%2F20201023%2Fus-east-1%2Fs3%2Faws4_request&X-Amz-Date=20201023T225432Z&X-Amz-Expires=604800&X-Amz-Signature=8a06542b322ffc0131def389bc8402e80a97840fd422c7e66b924e03edc98a4f&X-Amz-SignedHeaders=host
0692134654,My Daddy the Pedophile: A Memoir$18.78$18.78$19.99$19.99,https://m.media-amazon.com/images/I/61e4+0zB8KL._AC_UL320_.jpg,4.5,5,161,18.78,true,28,https://www.amazon.com/s?k=education&ref=nb_sb_noss_2,https://scrapezone-raw-htmls.s3.amazonaws.com/af8691d4-1259-449b-9291-0e355947af26-5f935f0ef53aaba35fbed42a.html?X-Amz-Algorithm=AWS4-HMAC-SHA256&X-Amz-Credential=AKIASK4CGCNC3YT6CW63%2F20201023%2Fus-east-1%2Fs3%2Faws4_request&X-Amz-Date=20201023T225432Z&X-Amz-Expires=604800&X-Amz-Signature=8a06542b322ffc0131def389bc8402e80a97840fd422c7e66b924e03edc98a4f&X-Amz-SignedHeaders=host
B082F99YNN,155 Pcs Wooden Pattern Blocks Set Shape Jigsaw Puzzles Brain Teasers Tangrams Stacking Sorting Games Early Educational Learning Challenge IQ Toy Gift for Kid Toddlers Age 3+ Years Old$12.90$12.90,https://m.media-amazon.com/images/I/61XmN30BlSL._AC_UL320_.jpg,4.5,5,79,12.9,true,29,https://www.amazon.com/s?k=education&ref=nb_sb_noss_2,https://scrapezone-raw-htmls.s3.amazonaws.com/af8691d4-1259-449b-9291-0e355947af26-5f935f0ef53aaba35fbed42a.html?X-Amz-Algorithm=AWS4-HMAC-SHA256&X-Amz-Credential=AKIASK4CGCNC3YT6CW63%2F20201023%2Fus-east-1%2Fs3%2Faws4_request&X-Amz-Date=20201023T225432Z&X-Amz-Expires=604800&X-Amz-Signature=8a06542b322ffc0131def389bc8402e80a97840fd422c7e66b924e03edc98a4f&X-Amz-SignedHeaders=host
1602680132,Key Education Sentence Building for Kids—Sight Word Builder for Early Reading Speech Writing Language Literacy Resource for Kindergarten-2nd Grade$14.50$14.50$15.99$15.99,https://m.media-amazon.com/images/I/81NHjuhmzSL._AC_UL320_.jpg,4.6,5,1371,14.5,true,30,https://www.amazon.com/s?k=education&ref=nb_sb_noss_2,https://scrapezone-raw-htmls.s3.amazonaws.com/af8691d4-1259-449b-9291-0e355947af26-5f935f0ef53aaba35fbed42a.html?X-Amz-Algorithm=AWS4-HMAC-SHA256&X-Amz-Credential=AKIASK4CGCNC3YT6CW63%2F20201023%2Fus-east-1%2Fs3%2Faws4_request&X-Amz-Date=20201023T225432Z&X-Amz-Expires=604800&X-Amz-Signature=8a06542b322ffc0131def389bc8402e80a97840fd422c7e66b924e03edc98a4f&X-Amz-SignedHeaders=host
B005IZ86NK,Sight Words Level 1From $1.99$1.99 to rentFrom $7.99 to buy,https://m.media-amazon.com/images/I/81t2AI-4kkL._AC_UL320_.jpg,4.5,5,439,1.99,false,31,https://www.amazon.com/s?k=education&ref=nb_sb_noss_2,https://scrapezone-raw-htmls.s3.amazonaws.com/af8691d4-1259-449b-9291-0e355947af26-5f935f0ef53aaba35fbed42a.html?X-Amz-Algorithm=AWS4-HMAC-SHA256&X-Amz-Credential=AKIASK4CGCNC3YT6CW63%2F20201023%2Fus-east-1%2Fs3%2Faws4_request&X-Amz-Date=20201023T225432Z&X-Amz-Expires=604800&X-Amz-Signature=8a06542b322ffc0131def389bc8402e80a97840fd422c7e66b924e03edc98a4f&X-Amz-SignedHeaders=host
1635307899,Praxis II Elementary Education Multiple Subjects 5001 Study Guide: Exam Prep Book with Practice Test Questions$24.99$24.99,https://m.media-amazon.com/images/I/713OkECaknL._AC_UL320_.jpg,5,5,3,24.99,false,32,https://www.amazon.com/s?k=education&ref=nb_sb_noss_2,https://scrapezone-raw-htmls.s3.amazonaws.com/af8691d4-1259-449b-9291-0e355947af26-5f935f0ef53aaba35fbed42a.html?X-Amz-Algorithm=AWS4-HMAC-SHA256&X-Amz-Credential=AKIASK4CGCNC3YT6CW63%2F20201023%2Fus-east-1%2Fs3%2Faws4_request&X-Amz-Date=20201023T225432Z&X-Amz-Expires=604800&X-Amz-Signature=8a06542b322ffc0131def389bc8402e80a97840fd422c7e66b924e03edc98a4f&X-Amz-SignedHeaders=host
B000QE23LY,Marvel Education Pretend Professionals Career Doll Figures Toy Figures for Kids Set of 12$23.80$23.80,https://m.media-amazon.com/images/I/61wtQgH3i5L._AC_UL320_.jpg,4.4,5,86,23.8,false,33,https://www.amazon.com/s?k=education&ref=nb_sb_noss_2,https://scrapezone-raw-htmls.s3.amazonaws.com/af8691d4-1259-449b-9291-0e355947af26-5f935f0ef53aaba35fbed42a.html?X-Amz-Algorithm=AWS4-HMAC-SHA256&X-Amz-Credential=AKIASK4CGCNC3YT6CW63%2F20201023%2Fus-east-1%2Fs3%2Faws4_request&X-Amz-Date=20201023T225432Z&X-Amz-Expires=604800&X-Amz-Signature=8a06542b322ffc0131def389bc8402e80a97840fd422c7e66b924e03edc98a4f&X-Amz-SignedHeaders=host
B01A7ONV8Q,SelectEDFrom $2.99$2.99 to rentFrom $9.99 to buy,https://m.media-amazon.com/images/I/91SInnTFqYL._AC_UL320_.jpg,4,5,27,2.99,false,34,https://www.amazon.com/s?k=education&ref=nb_sb_noss_2,https://scrapezone-raw-htmls.s3.amazonaws.com/af8691d4-1259-449b-9291-0e355947af26-5f935f0ef53aaba35fbed42a.html?X-Amz-Algorithm=AWS4-HMAC-SHA256&X-Amz-Credential=AKIASK4CGCNC3YT6CW63%2F20201023%2Fus-east-1%2Fs3%2Faws4_request&X-Amz-Date=20201023T225432Z&X-Amz-Expires=604800&X-Amz-Signature=8a06542b322ffc0131def389bc8402e80a97840fd422c7e66b924e03edc98a4f&X-Amz-SignedHeaders=host
6070721977,Las Recetas De @Sascha Fitness.$14.39$14.39$15.95$15.95,https://m.media-amazon.com/images/I/71-f3NGgA5L._AC_UL320_.jpg,4.7,5,1066,14.39,false,35,https://www.amazon.com/s?k=education&ref=nb_sb_noss_2,https://scrapezone-raw-htmls.s3.amazonaws.com/af8691d4-1259-449b-9291-0e355947af26-5f935f0ef53aaba35fbed42a.html?X-Amz-Algorithm=AWS4-HMAC-SHA256&X-Amz-Credential=AKIASK4CGCNC3YT6CW63%2F20201023%2Fus-east-1%2Fs3%2Faws4_request&X-Amz-Date=20201023T225432Z&X-Amz-Expires=604800&X-Amz-Signature=8a06542b322ffc0131def389bc8402e80a97840fd422c7e66b924e03edc98a4f&X-Amz-SignedHeaders=host
B08JVNXKWY,FTCE K-6 Study Guide and Test Prep: How to Pass the Florida Teacher Certification Exam Elementary Education K-6 Using NavaED Strategies and Relevant Practice Test Questions$35.99$35.99,https://m.media-amazon.com/images/I/61rkpxygIdL._AC_UL320_.jpg,5,5,4,35.99,false,36,https://www.amazon.com/s?k=education&ref=nb_sb_noss_2,https://scrapezone-raw-htmls.s3.amazonaws.com/af8691d4-1259-449b-9291-0e355947af26-5f935f0ef53aaba35fbed42a.html?X-Amz-Algorithm=AWS4-HMAC-SHA256&X-Amz-Credential=AKIASK4CGCNC3YT6CW63%2F20201023%2Fus-east-1%2Fs3%2Faws4_request&X-Amz-Date=20201023T225432Z&X-Amz-Expires=604800&X-Amz-Signature=8a06542b322ffc0131def389bc8402e80a97840fd422c7e66b924e03edc98a4f&X-Amz-SignedHeaders=host
B06ZY7Z66X,Oyler: Dramatic Turnaround in a Poverty-Stricken CommunityFrom $1.99$1.99 to rentFrom $7.99 to buy,https://m.media-amazon.com/images/I/71wq-FDvu4L._AC_UL320_.jpg,4.5,5,26,1.99,false,37,https://www.amazon.com/s?k=education&ref=nb_sb_noss_2,https://scrapezone-raw-htmls.s3.amazonaws.com/af8691d4-1259-449b-9291-0e355947af26-5f935f0ef53aaba35fbed42a.html?X-Amz-Algorithm=AWS4-HMAC-SHA256&X-Amz-Credential=AKIASK4CGCNC3YT6CW63%2F20201023%2Fus-east-1%2Fs3%2Faws4_request&X-Amz-Date=20201023T225432Z&X-Amz-Expires=604800&X-Amz-Signature=8a06542b322ffc0131def389bc8402e80a97840fd422c7e66b924e03edc98a4f&X-Amz-SignedHeaders=host
B01A9A9XLW,LEGO Education WeDo 2.0 Core Set 45300$219.95$219.95,https://m.media-amazon.com/images/I/618VhB2JqfL._AC_UL320_.jpg,4.7,5,525,219.95,false,38,https://www.amazon.com/s?k=education&ref=nb_sb_noss_2,https://scrapezone-raw-htmls.s3.amazonaws.com/af8691d4-1259-449b-9291-0e355947af26-5f935f0ef53aaba35fbed42a.html?X-Amz-Algorithm=AWS4-HMAC-SHA256&X-Amz-Credential=AKIASK4CGCNC3YT6CW63%2F20201023%2Fus-east-1%2Fs3%2Faws4_request&X-Amz-Date=20201023T225432Z&X-Amz-Expires=604800&X-Amz-Signature=8a06542b322ffc0131def389bc8402e80a97840fd422c7e66b924e03edc98a4f&X-Amz-SignedHeaders=host
1635307902,NES Elementary Education Subtest 1 &amp; 2 Study Guide: Exam Prep Book with Practice Test Questions$14.99$14.99,https://m.media-amazon.com/images/I/71+Ysw0CU+L._AC_UL320_.jpg,4.6,5,3,14.99,false,39,https://www.amazon.com/s?k=education&ref=nb_sb_noss_2,https://scrapezone-raw-htmls.s3.amazonaws.com/af8691d4-1259-449b-9291-0e355947af26-5f935f0ef53aaba35fbed42a.html?X-Amz-Algorithm=AWS4-HMAC-SHA256&X-Amz-Credential=AKIASK4CGCNC3YT6CW63%2F20201023%2Fus-east-1%2Fs3%2Faws4_request&X-Amz-Date=20201023T225432Z&X-Amz-Expires=604800&X-Amz-Signature=8a06542b322ffc0131def389bc8402e80a97840fd422c7e66b924e03edc98a4f&X-Amz-SignedHeaders=host
1416628622,Teaching for Deeper Learning: Tools to Engage Students in Meaning Making$20.63$20.63$27.95$27.95,https://m.media-amazon.com/images/I/81PQ29+rGhL._AC_UL320_.jpg,4.9,5,19,20.63,false,40,https://www.amazon.com/s?k=education&ref=nb_sb_noss_2,https://scrapezone-raw-htmls.s3.amazonaws.com/af8691d4-1259-449b-9291-0e355947af26-5f935f0ef53aaba35fbed42a.html?X-Amz-Algorithm=AWS4-HMAC-SHA256&X-Amz-Credential=AKIASK4CGCNC3YT6CW63%2F20201023%2Fus-east-1%2Fs3%2Faws4_request&X-Amz-Date=20201023T225432Z&X-Amz-Expires=604800&X-Amz-Signature=8a06542b322ffc0131def389bc8402e80a97840fd422c7e66b924e03edc98a4f&X-Amz-SignedHeaders=host
1565857429,Bach and the High Baroque$49.95$49.95,https://m.media-amazon.com/images/I/4197b6h4Z4L._AC_UL320_.jpg,5,5,2,49.95,false,41,https://www.amazon.com/s?k=education&ref=nb_sb_noss_2,https://scrapezone-raw-htmls.s3.amazonaws.com/af8691d4-1259-449b-9291-0e355947af26-5f935f0ef53aaba35fbed42a.html?X-Amz-Algorithm=AWS4-HMAC-SHA256&X-Amz-Credential=AKIASK4CGCNC3YT6CW63%2F20201023%2Fus-east-1%2Fs3%2Faws4_request&X-Amz-Date=20201023T225432Z&X-Amz-Expires=604800&X-Amz-Signature=8a06542b322ffc0131def389bc8402e80a97840fd422c7e66b924e03edc98a4f&X-Amz-SignedHeaders=host
1416600353,Understanding By Design$26.83$26.83$37.95$37.95,https://m.media-amazon.com/images/I/41OXcSAqc+L._AC_UL320_.jpg,4.5,5,572,26.83,false,42,https://www.amazon.com/s?k=education&ref=nb_sb_noss_2,https://scrapezone-raw-htmls.s3.amazonaws.com/af8691d4-1259-449b-9291-0e355947af26-5f935f0ef53aaba35fbed42a.html?X-Amz-Algorithm=AWS4-HMAC-SHA256&X-Amz-Credential=AKIASK4CGCNC3YT6CW63%2F20201023%2Fus-east-1%2Fs3%2Faws4_request&X-Amz-Date=20201023T225432Z&X-Amz-Expires=604800&X-Amz-Signature=8a06542b322ffc0131def389bc8402e80a97840fd422c7e66b924e03edc98a4f&X-Amz-SignedHeaders=host
1119271916,The Law of Higher Education: Student Version$82.21$82.21$99.00$99.00,https://m.media-amazon.com/images/I/81tnggwC8lL._AC_UL320_.jpg,4.3,5,21,82.21,false,43,https://www.amazon.com/s?k=education&ref=nb_sb_noss_2,https://scrapezone-raw-htmls.s3.amazonaws.com/af8691d4-1259-449b-9291-0e355947af26-5f935f0ef53aaba35fbed42a.html?X-Amz-Algorithm=AWS4-HMAC-SHA256&X-Amz-Credential=AKIASK4CGCNC3YT6CW63%2F20201023%2Fus-east-1%2Fs3%2Faws4_request&X-Amz-Date=20201023T225432Z&X-Amz-Expires=604800&X-Amz-Signature=8a06542b322ffc0131def389bc8402e80a97840fd422c7e66b924e03edc98a4f&X-Amz-SignedHeaders=host
B07QN7ZJF9,Lego Education Spike Prime Set$369.95$369.95,https://m.media-amazon.com/images/I/81ET9MkVFbL._AC_UL320_.jpg,4.8,5,19,369.95,false,44,https://www.amazon.com/s?k=education&ref=nb_sb_noss_2,https://scrapezone-raw-htmls.s3.amazonaws.com/af8691d4-1259-449b-9291-0e355947af26-5f935f0ef53aaba35fbed42a.html?X-Amz-Algorithm=AWS4-HMAC-SHA256&X-Amz-Credential=AKIASK4CGCNC3YT6CW63%2F20201023%2Fus-east-1%2Fs3%2Faws4_request&X-Amz-Date=20201023T225432Z&X-Amz-Expires=604800&X-Amz-Signature=8a06542b322ffc0131def389bc8402e80a97840fd422c7e66b924e03edc98a4f&X-Amz-SignedHeaders=host
B08KQTG98V,Whole Brain Teaching: Virtual Instruction QuickStart$7.95$7.95,https://m.media-amazon.com/images/I/71lNxEjWHrL._AC_UL320_.jpg,5,5,43,7.95,false,45,https://www.amazon.com/s?k=education&ref=nb_sb_noss_2,https://scrapezone-raw-htmls.s3.amazonaws.com/af8691d4-1259-449b-9291-0e355947af26-5f935f0ef53aaba35fbed42a.html?X-Amz-Algorithm=AWS4-HMAC-SHA256&X-Amz-Credential=AKIASK4CGCNC3YT6CW63%2F20201023%2Fus-east-1%2Fs3%2Faws4_request&X-Amz-Date=20201023T225432Z&X-Amz-Expires=604800&X-Amz-Signature=8a06542b322ffc0131def389bc8402e80a97840fd422c7e66b924e03edc98a4f&X-Amz-SignedHeaders=host
1119496594,Leverage Leadership 2.0: A Practical Guide to Building Exceptional Schools$18.99$18.99$36.95$36.95,https://m.media-amazon.com/images/I/51szTiQ6-kL._AC_UL320_.jpg,4.7,5,377,18.99,false,46,https://www.amazon.com/s?k=education&ref=nb_sb_noss_2,https://scrapezone-raw-htmls.s3.amazonaws.com/af8691d4-1259-449b-9291-0e355947af26-5f935f0ef53aaba35fbed42a.html?X-Amz-Algorithm=AWS4-HMAC-SHA256&X-Amz-Credential=AKIASK4CGCNC3YT6CW63%2F20201023%2Fus-east-1%2Fs3%2Faws4_request&X-Amz-Date=20201023T225432Z&X-Amz-Expires=604800&X-Amz-Signature=8a06542b322ffc0131def389bc8402e80a97840fd422c7e66b924e03edc98a4f&X-Amz-SignedHeaders=host
1483308014,Culturally Responsive Teaching and The Brain: Promoting Authentic Engagement and Rigor Among Culturally and Linguistically Diverse Students$34.11$34.11$36.95$36.95,https://m.media-amazon.com/images/I/71nRGQIDkLL._AC_UL320_.jpg,4.8,5,1132,34.11,false,47,https://www.amazon.com/s?k=education&ref=nb_sb_noss_2,https://scrapezone-raw-htmls.s3.amazonaws.com/af8691d4-1259-449b-9291-0e355947af26-5f935f0ef53aaba35fbed42a.html?X-Amz-Algorithm=AWS4-HMAC-SHA256&X-Amz-Credential=AKIASK4CGCNC3YT6CW63%2F20201023%2Fus-east-1%2Fs3%2Faws4_request&X-Amz-Date=20201023T225432Z&X-Amz-Expires=604800&X-Amz-Signature=8a06542b322ffc0131def389bc8402e80a97840fd422c7e66b924e03edc98a4f&X-Amz-SignedHeaders=host
0137033788,Teaching Students with Learning Problems$181.85$181.85,https://m.media-amazon.com/images/I/51pKit9aXqL._AC_UL320_.jpg,4.4,5,90,181.85,false,48,https://www.amazon.com/s?k=education&ref=nb_sb_noss_2,https://scrapezone-raw-htmls.s3.amazonaws.com/af8691d4-1259-449b-9291-0e355947af26-5f935f0ef53aaba35fbed42a.html?X-Amz-Algorithm=AWS4-HMAC-SHA256&X-Amz-Credential=AKIASK4CGCNC3YT6CW63%2F20201023%2Fus-east-1%2Fs3%2Faws4_request&X-Amz-Date=20201023T225432Z&X-Amz-Expires=604800&X-Amz-Signature=8a06542b322ffc0131def389bc8402e80a97840fd422c7e66b924e03edc98a4f&X-Amz-SignedHeaders=host
B00CDTKNI0,Champion Sports Physical Education Playground Set$94.23$94.23,https://m.media-amazon.com/images/I/81HbuMPfLXL._AC_UL320_.jpg,5,5,1,94.23,false,49,https://www.amazon.com/s?k=education&ref=nb_sb_noss_2,https://scrapezone-raw-htmls.s3.amazonaws.com/af8691d4-1259-449b-9291-0e355947af26-5f935f0ef53aaba35fbed42a.html?X-Amz-Algorithm=AWS4-HMAC-SHA256&X-Amz-Credential=AKIASK4CGCNC3YT6CW63%2F20201023%2Fus-east-1%2Fs3%2Faws4_request&X-Amz-Date=20201023T225432Z&X-Amz-Expires=604800&X-Amz-Signature=8a06542b322ffc0131def389bc8402e80a97840fd422c7e66b924e03edc98a4f&X-Amz-SignedHeaders=host
B08L9M94LT,A Short Film About EducationFrom $1.99$1.99 to rentFrom $7.99 to buy,https://m.media-amazon.com/images/I/71a4MoaNk4L._AC_UL320_.jpg,,5,,1.99,false,50,https://www.amazon.com/s?k=education&ref=nb_sb_noss_2,https://scrapezone-raw-htmls.s3.amazonaws.com/af8691d4-1259-449b-9291-0e355947af26-5f935f0ef53aaba35fbed42a.html?X-Amz-Algorithm=AWS4-HMAC-SHA256&X-Amz-Credential=AKIASK4CGCNC3YT6CW63%2F20201023%2Fus-east-1%2Fs3%2Faws4_request&X-Amz-Date=20201023T225432Z&X-Amz-Expires=604800&X-Amz-Signature=8a06542b322ffc0131def389bc8402e80a97840fd422c7e66b924e03edc98a4f&X-Amz-SignedHeaders=host
1305500989,Foundations of Education$31.91$31.91to rent$79.77to buy,https://m.media-amazon.com/images/I/51OkhVvPnKL._AC_UL320_.jpg,4.5,5,113,31.91,false,51,https://www.amazon.com/s?k=education&ref=nb_sb_noss_2,https://scrapezone-raw-htmls.s3.amazonaws.com/af8691d4-1259-449b-9291-0e355947af26-5f935f0ef53aaba35fbed42a.html?X-Amz-Algorithm=AWS4-HMAC-SHA256&X-Amz-Credential=AKIASK4CGCNC3YT6CW63%2F20201023%2Fus-east-1%2Fs3%2Faws4_request&X-Amz-Date=20201023T225432Z&X-Amz-Expires=604800&X-Amz-Signature=8a06542b322ffc0131def389bc8402e80a97840fd422c7e66b924e03edc98a4f&X-Amz-SignedHeaders=host
B00BNBJ0LA,The Distracted Mind with Adam Gazzaley,https://m.media-amazon.com/images/I/715GXDkmk4L._AC_UL320_.jpg,3.3,5,7,,false,52,https://www.amazon.com/s?k=education&ref=nb_sb_noss_2,https://scrapezone-raw-htmls.s3.amazonaws.com/af8691d4-1259-449b-9291-0e355947af26-5f935f0ef53aaba35fbed42a.html?X-Amz-Algorithm=AWS4-HMAC-SHA256&X-Amz-Credential=AKIASK4CGCNC3YT6CW63%2F20201023%2Fus-east-1%2Fs3%2Faws4_request&X-Amz-Date=20201023T225432Z&X-Amz-Expires=604800&X-Amz-Signature=8a06542b322ffc0131def389bc8402e80a97840fd422c7e66b924e03edc98a4f&X-Amz-SignedHeaders=host
B07KBFZSK1,Alpha Male StrategiesBook 1 of 2: Alpha Male Strategies$0.00$0.00$14.95$14.95,https://m.media-amazon.com/images/I/71lXp01AKLL._AC_UL320_.jpg,4.7,5,541,0,false,53,https://www.amazon.com/s?k=education&ref=nb_sb_noss_2,https://scrapezone-raw-htmls.s3.amazonaws.com/af8691d4-1259-449b-9291-0e355947af26-5f935f0ef53aaba35fbed42a.html?X-Amz-Algorithm=AWS4-HMAC-SHA256&X-Amz-Credential=AKIASK4CGCNC3YT6CW63%2F20201023%2Fus-east-1%2Fs3%2Faws4_request&X-Amz-Date=20201023T225432Z&X-Amz-Expires=604800&X-Amz-Signature=8a06542b322ffc0131def389bc8402e80a97840fd422c7e66b924e03edc98a4f&X-Amz-SignedHeaders=host
0807028347,We Want to Do More Than Survive: Abolitionist Teaching and the Pursuit of Educational Freedom$11.29$11.29$16.00$16.00,https://m.media-amazon.com/images/I/81WTJybrZ2L._AC_UL320_.jpg,4.8,5,732,11.29,false,54,https://www.amazon.com/s?k=education&ref=nb_sb_noss_2,https://scrapezone-raw-htmls.s3.amazonaws.com/af8691d4-1259-449b-9291-0e355947af26-5f935f0ef53aaba35fbed42a.html?X-Amz-Algorithm=AWS4-HMAC-SHA256&X-Amz-Credential=AKIASK4CGCNC3YT6CW63%2F20201023%2Fus-east-1%2Fs3%2Faws4_request&X-Amz-Date=20201023T225432Z&X-Amz-Expires=604800&X-Amz-Signature=8a06542b322ffc0131def389bc8402e80a97840fd422c7e66b924e03edc98a4f&X-Amz-SignedHeaders=host
B087NK2K1F,Transforming Dressing Up and Paintable Toys Wooden Magnetic Pattern Puzzles Jigsaw Games Early Educational Learning Challenge IQ Toy Gift for Kid Toddlers Age 3+ Years Old - Characters$9.99$9.99,https://m.media-amazon.com/images/I/615wuA8ozYL._AC_UL320_.jpg,NaN,5,,9.99,true,55,https://www.amazon.com/s?k=education&ref=nb_sb_noss_2,https://scrapezone-raw-htmls.s3.amazonaws.com/af8691d4-1259-449b-9291-0e355947af26-5f935f0ef53aaba35fbed42a.html?X-Amz-Algorithm=AWS4-HMAC-SHA256&X-Amz-Credential=AKIASK4CGCNC3YT6CW63%2F20201023%2Fus-east-1%2Fs3%2Faws4_request&X-Amz-Date=20201023T225432Z&X-Amz-Expires=604800&X-Amz-Signature=8a06542b322ffc0131def389bc8402e80a97840fd422c7e66b924e03edc98a4f&X-Amz-SignedHeaders=host
B07N4B7M2V,Take Control of the Noisy Class: Chaos to Calm in 15 Seconds (Super-effective classroom management strategies for teachers in today's toughest classrooms)$9.99$9.99$21.99$21.99,https://m.media-amazon.com/images/I/81fz5aicTsL._AC_UL320_.jpg,4.5,5,450,9.99,true,56,https://www.amazon.com/s?k=education&ref=nb_sb_noss_2,https://scrapezone-raw-htmls.s3.amazonaws.com/af8691d4-1259-449b-9291-0e355947af26-5f935f0ef53aaba35fbed42a.html?X-Amz-Algorithm=AWS4-HMAC-SHA256&X-Amz-Credential=AKIASK4CGCNC3YT6CW63%2F20201023%2Fus-east-1%2Fs3%2Faws4_request&X-Amz-Date=20201023T225432Z&X-Amz-Expires=604800&X-Amz-Signature=8a06542b322ffc0131def389bc8402e80a97840fd422c7e66b924e03edc98a4f&X-Amz-SignedHeaders=host
B072BR396W,Top Race Remote Control Robot Toy Walking Talking Dancing Toy Robots for Kids Sings Reads Stories Math Quiz Shoots Discs Voice Mimicking. Educational Toys for 3 4 5 6 7 8 9 Year Old Boys and up$44.99$44.99$69.00$69.00,https://m.media-amazon.com/images/I/51bUNg6Oz3L._AC_UL320_.jpg,4.2,5,1027,44.99,true,57,https://www.amazon.com/s?k=education&ref=nb_sb_noss_2,https://scrapezone-raw-htmls.s3.amazonaws.com/af8691d4-1259-449b-9291-0e355947af26-5f935f0ef53aaba35fbed42a.html?X-Amz-Algorithm=AWS4-HMAC-SHA256&X-Amz-Credential=AKIASK4CGCNC3YT6CW63%2F20201023%2Fus-east-1%2Fs3%2Faws4_request&X-Amz-Date=20201023T225432Z&X-Amz-Expires=604800&X-Amz-Signature=8a06542b322ffc0131def389bc8402e80a97840fd422c7e66b924e03edc98a4f&X-Amz-SignedHeaders=host
B07QWM957R,"Sproutbrite Educational Posters &amp; Classroom Decorations &amp; Decor for Kids Preschool - 11 - 20""x14"" Early Learning Charts for Toddlers Pre-K Kindergarten Daycares &amp; Home School Teachers$14.95$14.95",https://m.media-amazon.com/images/I/91VyeuBlqWL._AC_UL320_.jpg,4.7,5,2001,14.95,true,58,https://www.amazon.com/s?k=education&ref=nb_sb_noss_2,https://scrapezone-raw-htmls.s3.amazonaws.com/af8691d4-1259-449b-9291-0e355947af26-5f935f0ef53aaba35fbed42a.html?X-Amz-Algorithm=AWS4-HMAC-SHA256&X-Amz-Credential=AKIASK4CGCNC3YT6CW63%2F20201023%2Fus-east-1%2Fs3%2Faws4_request&X-Amz-Date=20201023T225432Z&X-Amz-Expires=604800&X-Amz-Signature=8a06542b322ffc0131def389bc8402e80a97840fd422c7e66b924e03edc98a4f&X-Amz-SignedHeaders=host
B0825S4DSG,48 PCS Magnetic Ten Frames - Math Manipulatives for Elementary Classroom &amp; Kindergarten - 4 Ten Frames &amp; 44 Magnetic Math Counters for Kids Math Games for Kindergarten - Jumbo Magnetic Ten Frame Set$19.97$19.97,https://m.media-amazon.com/images/I/811mKj0xP8L._AC_UL320_.jpg,4.8,5,238,19.97,true,59,https://www.amazon.com/s?k=education&ref=nb_sb_noss_2,https://scrapezone-raw-htmls.s3.amazonaws.com/af8691d4-1259-449b-9291-0e355947af26-5f935f0ef53aaba35fbed42a.html?X-Amz-Algorithm=AWS4-HMAC-SHA256&X-Amz-Credential=AKIASK4CGCNC3YT6CW63%2F20201023%2Fus-east-1%2Fs3%2Faws4_request&X-Amz-Date=20201023T225432Z&X-Amz-Expires=604800&X-Amz-Signature=8a06542b322ffc0131def389bc8402e80a97840fd422c7e66b924e03edc98a4f&X-Amz-SignedHeaders=host
B0776BT1BB,Planning Pad for Kids by InnerGuide – Fun Daily Note Pad - Undated Daily Planner for Teaching Kids Life Skills by Inner Guide Planners$12.97$12.97,https://m.media-amazon.com/images/I/71cm3CTeexL._AC_UL320_.jpg,4.5,5,211,12.97,true,60,https://www.amazon.com/s?k=education&ref=nb_sb_noss_2,https://scrapezone-raw-htmls.s3.amazonaws.com/af8691d4-1259-449b-9291-0e355947af26-5f935f0ef53aaba35fbed42a.html?X-Amz-Algorithm=AWS4-HMAC-SHA256&X-Amz-Credential=AKIASK4CGCNC3YT6CW63%2F20201023%2Fus-east-1%2Fs3%2Faws4_request&X-Amz-Date=20201023T225432Z&X-Amz-Expires=604800&X-Amz-Signature=8a06542b322ffc0131def389bc8402e80a97840fd422c7e66b924e03edc98a4f&X-Amz-SignedHeaders=host